tick,entity_id,event_type,vehicle_type,vehicle_id,link_id,mode,data
6,CAR_0030,journey_started,car,CAR_0030,,,"{""event_type"": ""journey_started"", ""vehicle_type"": ""car"", ""vehicle_id"": ""CAR_0030"", ""origin"": ""NODE_00048"", ""destination"": ""NODE_00087"", ""route_cost"": 3770.16, ""route_length"": 13, ""tick"": 6}"
6,CAR_0030,enter_link,car,CAR_0030,LINK_industrial_zone_rd_1,MESO,"{""event_type"": ""enter_link"", ""vehicle_type"": ""car"", ""vehicle_id"": ""CAR_0030"", ""link_id"": ""LINK_industrial_zone_rd_1"", ""mode"": ""MESO"", ""link_length"": 2000, ""link_capacity"": 193, ""cars_in_link"": 20, ""free_speed"": 40, ""calculated_speed"": 32.39, ""travel_time"": 61.75, ""lanes"": 2, ""tick"": 6}"
6,CAR_0030,signal_wait,car,CAR_0030,,,"{""event_type"": ""signal_wait"", ""vehicle_type"": ""car"", ""vehicle_id"": ""CAR_0030"", ""phase"": ""Red"", ""wait_until_tick"": 25, ""tick"": 6}"
6,CAR_0006,journey_started,car,CAR_0006,,,"{""event_type"": ""journey_started"", ""vehicle_type"": ""car"", ""vehicle_id"": ""CAR_0006"", ""origin"": ""NODE_00056"", ""destination"": ""NODE_00013"", ""route_cost"": 3748.49, ""route_length"": 16, ""tick"": 6}"
6,CAR_0006,signal_wait,car,CAR_0006,,,"{""event_type"": ""signal_wait"", ""vehicle_type"": ""car"", ""vehicle_id"": ""CAR_0006"", ""phase"": ""Red"", ""wait_until_tick"": 38, ""tick"": 6}"
9,CAR_0006,enter_link,car,CAR_0006,LINK_river_crossing_2,MESO,"{""event_type"": ""enter_link"", ""vehicle_type"": ""car"", ""vehicle_id"": ""CAR_0006"", ""link_id"": ""LINK_river_crossing_2"", ""mode"": ""MESO"", ""link_length"": 2000, ""link_capacity"": 129, ""cars_in_link"": 46, ""free_speed"": 60, ""calculated_speed"": 34.72, ""travel_time"": 57.6, ""lanes"": 3, ""tick"": 9}"
9,CAR_0030,signal_wait,car,CAR_0030,,,"{""event_type"": ""signal_wait"", ""vehicle_type"": ""car"", ""vehicle_id"": ""CAR_0030"", ""phase"": ""Red"", ""wait_until_tick"": 48, ""tick"": 9}"
9,CAR_0006,signal_wait,car,CAR_0006,,,"{""event_type"": ""signal_wait"", ""vehicle_type"": ""car"", ""vehicle_id"": ""CAR_0006"", ""phase"": ""Red"", ""wait_until_tick"": 58, ""tick"": 9}"
9,CAR_0030,enter_link,car,CAR_0030,LINK_downtown_main_st_4,MESO,"{""event_type"": ""enter_link"", ""vehicle_type"": ""car"", ""vehicle_id"": ""CAR_0030"", ""link_id"": ""LINK_downtown_main_st_4"", ""mode"": ""MESO"", ""link_length"": 250, ""link_capacity"": 139, ""cars_in_link"": 22, ""free_speed"": 50, ""calculated_speed"": 47.65, ""travel_time"": 5.25, ""lanes"": 2, ""tick"": 9}"
9,CAR_0006,signal_wait,car,CAR_0006,,,"{""event_type"": ""signal_wait"", ""vehicle_type"": ""car"", ""vehicle_id"": ""CAR_0006"", ""phase"": ""Red"", ""wait_until_tick"": 46, ""tick"": 9}"
9,CAR_0036,journey_started,car,CAR_0036,,,"{""event_type"": ""journey_started"", ""vehicle_type"": ""car"", ""vehicle_id"": ""CAR_0036"", ""origin"": ""NODE_00087"", ""destination"": ""NODE_00050"", ""route_cost"": 1492.32, ""route_length"": 28, ""tick"": 9}"
9,CAR_0006,enter_link,car,CAR_0006,LINK_uptown_avenue_2,MESO,"{""event_type"": ""enter_link"", ""vehicle_type"": ""car"", ""vehicle_id"": ""CAR_0006"", ""link_id"": ""LINK_uptown_avenue_2"", ""mode"": ""MESO"", ""link_length"": 500, ""link_capacity"": 158, ""cars_in_link"": 32, ""free_speed"": 40, ""calculated_speed"": 32.92, ""travel_time"": 15.19, ""lanes"": 3, ""tick"": 9}"
9,CAR_0030,enter_micro_link,car,CAR_0030,LINK_shopping_district_4,MICRO,"{""event_type"": ""enter_micro_link"", ""vehicle_type"": ""car"", ""vehicle_id"": ""CAR_0030"", ""link_id"": ""LINK_shopping_district_4"", ""mode"": ""MICRO"", ""link_length"": 2000, ""link_capacity"": 85, ""cars_in_link"": 9, ""free_speed"": 50, ""calculated_speed"": 30.66, ""travel_time"": 65.22, ""lanes"": 1, ""tick"": 9}"
9,CAR_0030,enter_link,car,CAR_0030,LINK_downtown_main_st_5,MESO,"{""event_type"": ""enter_link"", ""vehicle_type"": ""car"", ""vehicle_id"": ""CAR_0030"", ""link_id"": ""LINK_downtown_main_st_5"", ""mode"": ""MESO"", ""link_length"": 2000, ""link_capacity"": 196, ""cars_in_link"": 28, ""free_speed"": 50, ""calculated_speed"": 34.2, ""travel_time"": 58.49, ""lanes"": 4, ""tick"": 9}"
9,CAR_0036,signal_wait,car,CAR_0036,,,"{""event_type"": ""signal_wait"", ""vehicle_type"": ""car"", ""vehicle_id"": ""CAR_0036"", ""phase"": ""Red"", ""wait_until_tick"": 24, ""tick"": 9}"
9,CAR_0030,signal_wait,car,CAR_0030,,,"{""event_type"": ""signal_wait"", ""vehicle_type"": ""car"", ""vehicle_id"": ""CAR_0030"", ""phase"": ""Red"", ""wait_until_tick"": 55, ""tick"": 9}"
9,CAR_0036,signal_wait,car,CAR_0036,,,"{""event_type"": ""signal_wait"", ""vehicle_type"": ""car"", ""vehicle_id"": ""CAR_0036"", ""phase"": ""Red"", ""wait_until_tick"": 32, ""tick"": 9}"
9,CAR_0030,enter_link,car,CAR_0030,LINK_river_crossing_0,MESO,"{""event_type"": ""enter_link"", ""vehicle_type"": ""car"", ""vehicle_id"": ""CAR_0030"", ""link_id"": ""LINK_river_crossing_0"", ""mode"": ""MESO"", ""link_length"": 1000, ""link_capacity"": 123, ""cars_in_link"": 30, ""free_speed"": 50, ""calculated_speed"": 28.44, ""travel_time"": 35.16, ""lanes"": 2, ""tick"": 9}"
9,CAR_0036,enter_link,car,CAR_0036,LINK_uptown_avenue_0,MESO,"{""event_type"": ""enter_link"", ""vehicle_type"": ""car"", ""vehicle_id"": ""CAR_0036"", ""link_id"": ""LINK_uptown_avenue_0"", ""mode"": ""MESO"", ""link_length"": 500, ""link_capacity"": 50, ""cars_in_link"": 39, ""free_speed"": 50, ""calculated_speed"": 32.28, ""travel_time"": 15.49, ""lanes"": 3, ""tick"": 9}"
9,CAR_0030,enter_micro_link,car,CAR_0030,LINK_market_street_0,MICRO,"{""event_type"": ""enter_micro_link"", ""vehicle_type"": ""car"", ""vehicle_id"": ""CAR_0030"", ""link_id"": ""LINK_market_street_0"", ""mode"": ""MICRO"", ""link_length"": 250, ""link_capacity"": 94, ""cars_in_link"": 49, ""free_speed"": 60, ""calculated_speed"": 46.38, ""travel_time"": 5.39, ""lanes"": 4, ""tick"": 9}"
9,CAR_0006,enter_link,car,CAR_0006,LINK_industrial_zone_rd_3,MESO,"{""event_type"": ""enter_link"", ""vehicle_type"": ""car"", ""vehicle_id"": ""CAR_0006"", ""link_id"": ""LINK_industrial_zone_rd_3"", ""mode"": ""MESO"", ""link_length"": 2000, ""link_capacity"": 98, ""cars_in_link"": 18, ""free_speed"": 60, ""calculated_speed"": 31.1, ""travel_time"": 64.31, ""lanes"": 3, ""tick"": 9}"
9,CAR_0006,signal_wait,car,CAR_0006,,,"{""event_type"": ""signal_wait"", ""vehicle_type"": ""car"", ""vehicle_id"": ""CAR_0006"", ""phase"": ""Red"", ""wait_until_tick"": 65, ""tick"": 9}"
9,CAR_0030,enter_link,car,CAR_0030,LINK_highway_bypass_2,MESO,"{""event_type"": ""enter_link"", ""vehicle_type"": ""car"", ""vehicle_id"": ""CAR_0030"", ""link_id"": ""LINK_highway_bypass_2"", ""mode"": ""MESO"", ""link_length"": 500, ""link_capacity"": 70, ""cars_in_link"": 20, ""free_speed"": 60, ""calculated_speed"": 39.64, ""travel_time"": 12.61, ""lanes"": 3, ""tick"": 9}"
14,CAR_0006,enter_link,car,CAR_0006,LINK_highway_bypass_0,MESO,"{""event_type"": ""enter_link"", ""vehicle_type"": ""car"", ""vehicle_id"": ""CAR_0006"", ""link_id"": ""LINK_highway_bypass_0"", ""mode"": ""MESO"", ""link_length"": 250, ""link_capacity"": 149, ""cars_in_link"": 35, ""free_speed"": 50, ""calculated_speed"": 37.48, ""travel_time"": 6.67, ""lanes"": 1, ""tick"": 14}"
14,CAR_0036,signal_wait,car,CAR_0036,,,"{""event_type"": ""signal_wait"", ""vehicle_type"": ""car"", ""vehicle_id"": ""CAR_0036"", ""phase"": ""Red"", ""wait_until_tick"": 58, ""tick"": 14}"
14,CAR_0006,signal_wait,car,CAR_0006,,,"{""event_type"": ""signal_wait"", ""vehicle_type"": ""car"", ""vehicle_id"": ""CAR_0006"", ""phase"": ""Red"", ""wait_until_tick"": 64, ""tick"": 14}"
14,CAR_0006,enter_link,car,CAR_0006,LINK_harbor_boulevard_2,MESO,"{""event_type"": ""enter_link"", ""vehicle_type"": ""car"", ""vehicle_id"": ""CAR_0006"", ""link_id"": ""LINK_harbor_boulevard_2"", ""mode"": ""MESO"", ""link_length"": 1000, ""link_capacity"": 191, ""cars_in_link"": 17, ""free_speed"": 40, ""calculated_speed"": 25.01, ""travel_time"": 39.98, ""lanes"": 2, ""tick"": 14}"
14,CAR_0036,enter_link,car,CAR_0036,LINK_industrial_zone_rd_0,MESO,"{""event_type"": ""enter_link"", ""vehicle_type"": ""car"", ""vehicle_id"": ""CAR_0036"", ""link_id"": ""LINK_industrial_zone_rd_0"", ""mode"": ""MESO"", ""link_length"": 250, ""link_capacity"": 173, ""cars_in_link"": 29, ""free_speed"": 50, ""calculated_speed"": 35.99, ""travel_time"": 6.95, ""lanes"": 2, ""tick"": 14}"
14,CAR_0009,journey_started,car,CAR_0009,,,"{""event_type"": ""journey_started"", ""vehicle_type"": ""car"", ""vehicle_id"": ""CAR_0009"", ""origin"": ""NODE_00092"", ""destination"": ""NODE_00043"", ""route_cost"": 4039.43, ""route_length"": 21, ""tick"": 14}"
14,CAR_0009,enter_link,car,CAR_0009,LINK_shopping_district_3,MESO,"{""event_type"": ""enter_link"", ""vehicle_type"": ""car"", ""vehicle_id"": ""CAR_0009"", ""link_id"": ""LINK_shopping_district_3"", ""mode"": ""MESO"", ""link_length"": 1000, ""link_capacity"": 126, ""cars_in_link"": 37, ""free_speed"": 50, ""calculated_speed"": 34.82, ""travel_time"": 28.72, ""lanes"": 3, ""tick"": 14}"
14,CAR_0009,signal_wait,car,CAR_0009,,,"{""event_type"": ""signal_wait"", ""vehicle_type"": ""car"", ""vehicle_id"": ""CAR_0009"", ""phase"": ""Red"", ""wait_until_tick"": 55, ""tick"": 14}"
14,CAR_0013,journey_started,car,CAR_0013,,,"{""event_type"": ""journey_started"", ""vehicle_type"": ""car"", ""vehicle_id"": ""CAR_0013"", ""origin"": ""NODE_00003"", ""destination"": ""NODE_00057"", ""route_cost"": 1637.09, ""route_length"": 9, ""tick"": 14}"
14,CAR_0006,enter_link,car,CAR_0006,LINK_river_crossing_4,MESO,"{""event_type"": ""enter_link"", ""vehicle_type"": ""car"", ""vehicle_id"": ""CAR_0006"", ""link_id"": ""LINK_river_crossing_4"", ""mode"": ""MESO"", ""link_length"": 1000, ""link_capacity"": 113, ""cars_in_link"": 17, ""free_speed"": 80, ""calculated_speed"": 47.69, ""travel_time"": 20.97, ""lanes"": 3, ""tick"": 14}"
14,CAR_0009,enter_link,car,CAR_0009,LINK_shopping_district_3,MESO,"{""event_type"": ""enter_link"", ""vehicle_type"": ""car"", ""vehicle_id"": ""CAR_0009"", ""link_id"": ""LINK_shopping_district_3"", ""mode"": ""MESO"", ""link_length"": 500, ""link_capacity"": 185, ""cars_in_link"": 14, ""free_speed"": 50, ""calculated_speed"": 26.27, ""travel_time"": 19.03, ""lanes"": 2, ""tick"": 14}"
14,CAR_0009,enter_link,car,CAR_0009,LINK_central_park_way_4,MESO,"{""event_type"": ""enter_link"", ""vehicle_type"": ""car"", ""vehicle_id"": ""CAR_0009"", ""link_id"": ""LINK_central_park_way_4"", ""mode"": ""MESO"", ""link_length"": 500, ""link_capacity"": 90, ""cars_in_link"": 26, ""free_speed"": 40, ""calculated_speed"": 39.29, ""travel_time"": 12.73, ""lanes"": 4, ""tick"": 14}"
14,CAR_0013,signal_wait,car,CAR_0013,,,"{""event_type"": ""signal_wait"", ""vehicle_type"": ""car"", ""vehicle_id"": ""CAR_0013"", ""phase"": ""Red"", ""wait_until_tick"": 70, ""tick"": 14}"
14,CAR_0013,enter_link,car,CAR_0013,LINK_suburban_loop_4,MESO,"{""event_type"": ""enter_link"", ""vehicle_type"": ""car"", ""vehicle_id"": ""CAR_0013"", ""link_id"": ""LINK_suburban_loop_4"", ""mode"": ""MESO"", ""link_length"": 500, ""link_capacity"": 125, ""cars_in_link"": 36, ""free_speed"": 40, ""calculated_speed"": 34.73, ""travel_time"": 14.4, ""lanes"": 2, ""tick"": 14}"
14,CAR_0013,enter_link,car,CAR_0013,LINK_suburban_loop_3,MESO,"{""event_type"": ""enter_link"", ""vehicle_type"": ""car"", ""vehicle_id"": ""CAR_0013"", ""link_id"": ""LINK_suburban_loop_3"", ""mode"": ""MESO"", ""link_length"": 2000, ""link_capacity"": 70, ""cars_in_link"": 33, ""free_speed"": 50, ""calculated_speed"": 44.05, ""travel_time"": 45.41, ""lanes"": 4, ""tick"": 14}"
19,CAR_0004,journey_started,car,CAR_0004,,,"{""event_type"": ""journey_started"", ""vehicle_type"": ""car"", ""vehicle_id"": ""CAR_0004"", ""origin"": ""NODE_00071"", ""destination"": ""NODE_00065"", ""route_cost"": 1090.57, ""route_length"": 22, ""tick"": 19}"
19,CAR_0004,enter_link,car,CAR_0004,LINK_central_park_way_1,MESO,"{""event_type"": ""enter_link"", ""vehicle_type"": ""car"", ""vehicle_id"": ""CAR_0004"", ""link_id"": ""LINK_central_park_way_1"", ""mode"": ""MESO"", ""link_length"": 2000, ""link_capacity"": 164, ""cars_in_link"": 3, ""free_speed"": 40, ""calculated_speed"": 37.98, ""travel_time"": 52.66, ""lanes"": 4, ""tick"": 19}"
19,CAR_0013,signal_wait,car,CAR_0013,,,"{""event_type"": ""signal_wait"", ""vehicle_type"": ""car"", ""vehicle_id"": ""CAR_0013"", ""phase"": ""Red"", ""wait_until_tick"": 26, ""tick"": 19}"
19,CAR_0013,enter_link,car,CAR_0013,LINK_central_park_way_0,MESO,"{""event_type"": ""enter_link"", ""vehicle_type"": ""car"", ""vehicle_id"": ""CAR_0013"", ""link_id"": ""LINK_central_park_way_0"", ""mode"": ""MESO"", ""link_length"": 250, ""link_capacity"": 154, ""cars_in_link"": 11, ""free_speed"": 80, ""calculated_speed"": 41.27, ""travel_time"": 6.06, ""lanes"": 2, ""tick"": 19}"
19,CAR_0004,enter_link,car,CAR_0004,LINK_industrial_zone_rd_2,MESO,"{""event_type"": ""enter_link"", ""vehicle_type"": ""car"", ""vehicle_id"": ""CAR_0004"", ""link_id"": ""LINK_industrial_zone_rd_2"", ""mode"": ""MESO"", ""link_length"": 2000, ""link_capacity"": 188, ""cars_in_link"": 8, ""free_speed"": 40, ""calculated_speed"": 33.65, ""travel_time"": 59.43, ""lanes"": 3, ""tick"": 19}"
19,CAR_0004,enter_link,car,CAR_0004,LINK_river_crossing_4,MESO,"{""event_type"": ""enter_link"", ""vehicle_type"": ""car"", ""vehicle_id"": ""CAR_0004"", ""link_id"": ""LINK_river_crossing_4"", ""mode"": ""MESO"", ""link_length"": 500, ""link_capacity"": 126, ""cars_in_link"": 29, ""free_speed"": 40, ""calculated_speed"": 35.12, ""travel_time"": 14.24, ""lanes"": 4, ""tick"": 19}"
19,CAR_0013,enter_link,car,CAR_0013,LINK_harbor_boulevard_2,MESO,"{""event_type"": ""enter_link"", ""vehicle_type"": ""car"", ""vehicle_id"": ""CAR_0013"", ""link_id"": ""LINK_harbor_boulevard_2"", ""mode"": ""MESO"", ""link_length"": 500, ""link_capacity"": 78, ""cars_in_link"": 2, ""free_speed"": 60, ""calculated_speed"": 35.65, ""travel_time"": 14.02, ""lanes"": 4, ""tick"": 19}"
19,CAR_0013,signal_wait,car,CAR_0013,,,"{""event_type"": ""signal_wait"", ""vehicle_type"": ""car"", ""vehicle_id"": ""CAR_0013"", ""phase"": ""Red"", ""wait_until_tick"": 28, ""tick"": 19}"
19,CAR_0013,enter_link,car,CAR_0013,LINK_market_street_1,MESO,"{""event_type"": ""enter_link"", ""vehicle_type"": ""car"", ""vehicle_id"": ""CAR_0013"", ""link_id"": ""LINK_market_street_1"", ""mode"": ""MESO"", ""link_length"": 500, ""link_capacity"": 132, ""cars_in_link"": 15, ""free_speed"": 60, ""calculated_speed"": 47.32, ""travel_time"": 10.57, ""lanes"": 3, ""tick"": 19}"
19,CAR_0013,enter_link,car,CAR_0013,LINK_highway_bypass_2,MESO,"{""event_type"": ""enter_link"", ""vehicle_type"": ""car"", ""vehicle_id"": ""CAR_0013"", ""link_id"": ""LINK_highway_bypass_2"", ""mode"": ""MESO"", ""link_length"": 2000, ""link_capacity"": 147, ""cars_in_link"": 50, ""free_speed"": 40, ""calculated_speed"": 39.45, ""travel_time"": 50.7, ""lanes"": 3, ""tick"": 19}"
19,CAR_0013,signal_wait,car,CAR_0013,,,"{""event_type"": ""signal_wait"", ""vehicle_type"": ""car"", ""vehicle_id"": ""CAR_0013"", ""phase"": ""Red"", ""wait_until_tick"": 50, ""tick"": 19}"
19,CAR_0013,enter_micro_link,car,CAR_0013,LINK_shopping_district_1,MICRO,"{""event_type"": ""enter_micro_link"", ""vehicle_type"": ""car"", ""vehicle_id"": ""CAR_0013"", ""link_id"": ""LINK_shopping_district_1"", ""mode"": ""MICRO"", ""link_length"": 250, ""link_capacity"": 80, ""cars_in_link"": 47, ""free_speed"": 50, ""calculated_speed"": 48.43, ""travel_time"": 5.16, ""lanes"": 4, ""tick"": 19}"
19,CAR_0004,enter_link,car,CAR_0004,LINK_uptown_avenue_3,MESO,"{""event_type"": ""enter_link"", ""vehicle_type"": ""car"", ""vehicle_id"": ""CAR_0004"", ""link_id"": ""LINK_uptown_avenue_3"", ""mode"": ""MESO"", ""link_length"": 2000, ""link_capacity"": 170, ""cars_in_link"": 48, ""free_speed"": 40, ""calculated_speed"": 36.06, ""travel_time"": 55.47, ""lanes"": 3, ""tick"": 19}"
19,CAR_0004,enter_link,car,CAR_0004,LINK_industrial_zone_rd_1,MESO,"{""event_type"": ""enter_link"", ""vehicle_type"": ""car"", ""vehicle_id"": ""CAR_0004"", ""link_id"": ""LINK_industrial_zone_rd_1"", ""mode"": ""MESO"", ""link_length"": 500, ""link_capacity"": 199, ""cars_in_link"": 37, ""free_speed"": 40, ""calculated_speed"": 25.22, ""travel_time"": 19.83, ""lanes"": 4, ""tick"": 19}"
19,CAR_0004,enter_link,car,CAR_0004,LINK_river_crossing_3,MESO,"{""event_type"": ""enter_link"", ""vehicle_type"": ""car"", ""vehicle_id"": ""CAR_0004"", ""link_id"": ""LINK_river_crossing_3"", ""mode"": ""MESO"", ""link_length"": 500, ""link_capacity"": 136, ""cars_in_link"": 16, ""free_speed"": 80, ""calculated_speed"": 62.03, ""travel_time"": 8.06, ""lanes"": 4, ""tick"": 19}"
19,CAR_0013,enter_link,car,CAR_0013,LINK_harbor_boulevard_3,MESO,"{""event_type"": ""enter_link"", ""vehicle_type"": ""car"", ""vehicle_id"": ""CAR_0013"", ""link_id"": ""LINK_harbor_boulevard_3"", ""mode"": ""MESO"", ""link_length"": 1000, ""link_capacity"": 109, ""cars_in_link"": 4, ""free_speed"": 40, ""calculated_speed"": 21.95, ""travel_time"": 45.55, ""lanes"": 3, ""tick"": 19}"
19,CAR_0013,signal_wait,car,CAR_0013,,,"{""event_type"": ""signal_wait"", ""vehicle_type"": ""car"", ""vehicle_id"": ""CAR_0013"", ""phase"": ""Red"", ""wait_until_tick"": 33, ""tick"": 19}"
19,CAR_0013,enter_link,car,CAR_0013,LINK_market_street_2,MESO,"{""event_type"": ""enter_link"", ""vehicle_type"": ""car"", ""vehicle_id"": ""CAR_0013"", ""link_id"": ""LINK_market_street_2"", ""mode"": ""MESO"", ""link_length"": 2000, ""link_capacity"": 140, ""cars_in_link"": 35, ""free_speed"": 40, ""calculated_speed"": 20.53, ""travel_time"": 97.44, ""lanes"": 1, ""tick"": 19}"
19,CAR_0013,signal_wait,car,CAR_0013,,,"{""event_type"": ""signal_wait"", ""vehicle_type"": ""car"", ""vehicle_id"": ""CAR_0013"", ""phase"": ""Red"", ""wait_until_tick"": 51, ""tick"": 19}"
19,CAR_0013,enter_link,car,CAR_0013,LINK_industrial_zone_rd_4,MESO,"{""event_type"": ""enter_link"", ""vehicle_type"": ""car"", ""vehicle_id"": ""CAR_0013"", ""link_id"": ""LINK_industrial_zone_rd_4"", ""mode"": ""MESO"", ""link_length"": 500, ""link_capacity"": 151, ""cars_in_link"": 20, ""free_speed"": 80, ""calculated_speed"": 52.57, ""travel_time"": 9.51, ""lanes"": 3, ""tick"": 19}"
19,CAR_0013,signal_wait,car,CAR_0013,,,"{""event_type"": ""signal_wait"", ""vehicle_type"": ""car"", ""vehicle_id"": ""CAR_0013"", ""phase"": ""Red"", ""wait_until_tick"": 60, ""tick"": 19}"
23,CAR_0013,signal_wait,car,CAR_0013,,,"{""event_type"": ""signal_wait"", ""vehicle_type"": ""car"", ""vehicle_id"": ""CAR_0013"", ""phase"": ""Red"", ""wait_until_tick"": 71, ""tick"": 23}"
23,CAR_0013,enter_link,car,CAR_0013,LINK_harbor_boulevard_4,MESO,"{""event_type"": ""enter_link"", ""vehicle_type"": ""car"", ""vehicle_id"": ""CAR_0013"", ""link_id"": ""LINK_harbor_boulevard_4"", ""mode"": ""MESO"", ""link_length"": 500, ""link_capacity"": 68, ""cars_in_link"": 28, ""free_speed"": 80, ""calculated_speed"": 71.56, ""travel_time"": 6.99, ""lanes"": 4, ""tick"": 23}"
23,CAR_0013,enter_link,car,CAR_0013,LINK_harbor_boulevard_2,MESO,"{""event_type"": ""enter_link"", ""vehicle_type"": ""car"", ""vehicle_id"": ""CAR_0013"", ""link_id"": ""LINK_harbor_boulevard_2"", ""mode"": ""MESO"", ""link_length"": 500, ""link_capacity"": 152, ""cars_in_link"": 48, ""free_speed"": 40, ""calculated_speed"": 31.26, ""travel_time"": 15.99, ""lanes"": 3, ""tick"": 23}"
23,CAR_0013,enter_link,car,CAR_0013,LINK_harbor_boulevard_3,MESO,"{""event_type"": ""enter_link"", ""vehicle_type"": ""car"", ""vehicle_id"": ""CAR_0013"", ""link_id"": ""LINK_harbor_boulevard_3"", ""mode"": ""MESO"", ""link_length"": 500, ""link_capacity"": 168, ""cars_in_link"": 49, ""free_speed"": 80, ""calculated_speed"": 54.96, ""travel_time"": 9.1, ""lanes"": 2, ""tick"": 23}"
23,CAR_0002,journey_started,car,CAR_0002,,,"{""event_type"": ""journey_started"", ""vehicle_type"": ""car"", ""vehicle_id"": ""CAR_0002"", ""origin"": ""NODE_00044"", ""destination"": ""NODE_00083"", ""route_cost"": 635.88, ""route_length"": 30, ""tick"": 23}"
28,CAR_0028,journey_started,car,CAR_0028,,,"{""event_type"": ""journey_started"", ""vehicle_type"": ""car"", ""vehicle_id"": ""CAR_0028"", ""origin"": ""NODE_00015"", ""destination"": ""NODE_00059"", ""route_cost"": 3100.25, ""route_length"": 6, ""tick"": 28}"
28,CAR_0028,signal_wait,car,CAR_0028,,,"{""event_type"": ""signal_wait"", ""vehicle_type"": ""car"", ""vehicle_id"": ""CAR_0028"", ""phase"": ""Red"", ""wait_until_tick"": 49, ""tick"": 28}"
28,CAR_0028,signal_wait,car,CAR_0028,,,"{""event_type"": ""signal_wait"", ""vehicle_type"": ""car"", ""vehicle_id"": ""CAR_0028"", ""phase"": ""Red"", ""wait_until_tick"": 65, ""tick"": 28}"
28,CAR_0016,journey_started,car,CAR_0016,,,"{""event_type"": ""journey_started"", ""vehicle_type"": ""car"", ""vehicle_id"": ""CAR_0016"", ""origin"": ""NODE_00006"", ""destination"": ""NODE_00061"", ""route_cost"": 1883.48, ""route_length"": 9, ""tick"": 28}"
28,CAR_0013,journey_started,car,CAR_0013,,,"{""event_type"": ""journey_started"", ""vehicle_type"": ""car"", ""vehicle_id"": ""CAR_0013"", ""origin"": ""NODE_00083"", ""destination"": ""NODE_00057"", ""route_cost"": 4065.56, ""route_length"": 7, ""tick"": 28}"
30,CAR_0013,enter_micro_link,car,CAR_0013,LINK_downtown_main_st_5,MICRO,"{""event_type"": ""enter_micro_link"", ""vehicle_type"": ""car"", ""vehicle_id"": ""CAR_0013"", ""link_id"": ""LINK_downtown_main_st_5"", ""mode"": ""MICRO"", ""link_length"": 1000, ""link_capacity"": 174, ""cars_in_link"": 22, ""free_speed"": 80, ""calculated_speed"": 61.78, ""travel_time"": 16.19, ""lanes"": 3, ""tick"": 30}"
30,CAR_0013,enter_link,car,CAR_0013,LINK_industrial_zone_rd_1,MESO,"{""event_type"": ""enter_link"", ""vehicle_type"": ""car"", ""vehicle_id"": ""CAR_0013"", ""link_id"": ""LINK_industrial_zone_rd_1"", ""mode"": ""MESO"", ""link_length"": 2000, ""link_capacity"": 94, ""cars_in_link"": 11, ""free_speed"": 60, ""calculated_speed"": 58.06, ""travel_time"": 34.45, ""lanes"": 2, ""tick"": 30}"
30,CAR_0013,enter_link,car,CAR_0013,LINK_highway_bypass_3,MESO,"{""event_type"": ""enter_link"", ""vehicle_type"": ""car"", ""vehicle_id"": ""CAR_0013"", ""link_id"": ""LINK_highway_bypass_3"", ""mode"": ""MESO"", ""link_length"": 250, ""link_capacity"": 194, ""cars_in_link"": 9, ""free_speed"": 60, ""calculated_speed"": 58.43, ""travel_time"": 4.28, ""lanes"": 2, ""tick"": 30}"
30,CAR_0013,enter_link,car,CAR_0013,LINK_market_street_0,MESO,"{""event_type"": ""enter_link"", ""vehicle_type"": ""car"", ""vehicle_id"": ""CAR_0013"", ""link_id"": ""LINK_market_street_0"", ""mode"": ""MESO"", ""link_length"": 1000, ""link_capacity"": 132, ""cars_in_link"": 3, ""free_speed"": 50, ""calculated_speed"": 47.97, ""travel_time"": 20.85, ""lanes"": 1, ""tick"": 30}"
30,CAR_0013,enter_link,car,CAR_0013,LINK_market_street_3,MESO,"{""event_type"": ""enter_link"", ""vehicle_type"": ""car"", ""vehicle_id"": ""CAR_0013"", ""link_id"": ""LINK_market_street_3"", ""mode"": ""MESO"", ""link_length"": 1000, ""link_capacity"": 76, ""cars_in_link"": 31, ""free_speed"": 50, ""calculated_speed"": 40.99, ""travel_time"": 24.4, ""lanes"": 2, ""tick"": 30}"
30,CAR_0013,signal_wait,car,CAR_0013,,,"{""event_type"": ""signal_wait"", ""vehicle_type"": ""car"", ""vehicle_id"": ""CAR_0013"", ""phase"": ""Red"", ""wait_until_tick"": 59, ""tick"": 30}"
30,CAR_0019,journey_started,car,CAR_0019,,,"{""event_type"": ""journey_started"", ""vehicle_type"": ""car"", ""vehicle_id"": ""CAR_0019"", ""origin"": ""NODE_00085"", ""destination"": ""NODE_00081"", ""route_cost"": 3041.06, ""route_length"": 11, ""tick"": 30}"
30,CAR_0019,signal_wait,car,CAR_0019,,,"{""event_type"": ""signal_wait"", ""vehicle_type"": ""car"", ""vehicle_id"": ""CAR_0019"", ""phase"": ""Red"", ""wait_until_tick"": 77, ""tick"": 30}"
30,CAR_0013,enter_link,car,CAR_0013,LINK_shopping_district_0,MESO,"{""event_type"": ""enter_link"", ""vehicle_type"": ""car"", ""vehicle_id"": ""CAR_0013"", ""link_id"": ""LINK_shopping_district_0"", ""mode"": ""MESO"", ""link_length"": 250, ""link_capacity"": 188, ""cars_in_link"": 26, ""free_speed"": 40, ""calculated_speed"": 33.36, ""travel_time"": 7.49, ""lanes"": 2, ""tick"": 30}"
30,CAR_0013,signal_wait,car,CAR_0013,,,"{""event_type"": ""signal_wait"", ""vehicle_type"": ""car"", ""vehicle_id"": ""CAR_0013"", ""phase"": ""Red"", ""wait_until_tick"": 88, ""tick"": 30}"
30,CAR_0013,signal_wait,car,CAR_0013,,,"{""event_type"": ""signal_wait"", ""vehicle_type"": ""car"", ""vehicle_id"": ""CAR_0013"", ""phase"": ""Red"", ""wait_until_tick"": 38, ""tick"": 30}"
30,CAR_0031,journey_started,car,CAR_0031,,,"{""event_type"": ""journey_started"", ""vehicle_type"": ""car"", ""vehicle_id"": ""CAR_0031"", ""origin"": ""NODE_00017"", ""destination"": ""NODE_00083"", ""route_cost"": 948.68, ""route_length"": 30, ""tick"": 30}"
30,CAR_0031,signal_wait,car,CAR_0031,,,"{""event_type"": ""signal_wait"", ""vehicle_type"": ""car"", ""vehicle_id"": ""CAR_0031"", ""phase"": ""Red"", ""wait_until_tick"": 35, ""tick"": 30}"
32,CAR_0031,enter_link,car,CAR_0031,LINK_highway_bypass_4,MESO,"{""event_type"": ""enter_link"", ""vehicle_type"": ""car"", ""vehicle_id"": ""CAR_0031"", ""link_id"": ""LINK_highway_bypass_4"", ""mode"": ""MESO"", ""link_length"": 250, ""link_capacity"": 106, ""cars_in_link"": 43, ""free_speed"": 50, ""calculated_speed"": 33.58, ""travel_time"": 7.45, ""lanes"": 4, ""tick"": 32}"
32,CAR_0031,journey_started,car,CAR_0031,,,"{""event_type"": ""journey_started"", ""vehicle_type"": ""car"", ""vehicle_id"": ""CAR_0031"", ""origin"": ""NODE_00025"", ""destination"": ""NODE_00065"", ""route_cost"": 687.1, ""route_length"": 26, ""tick"": 32}"
32,CAR_0013,signal_wait,car,CAR_0013,,,"{""event_type"": ""signal_wait"", ""vehicle_type"": ""car"", ""vehicle_id"": ""CAR_0013"", ""phase"": ""Red"", ""wait_until_tick"": 64, ""tick"": 32}"
32,CAR_0013,enter_link,car,CAR_0013,LINK_suburban_loop_1,MESO,"{""event_type"": ""enter_link"", ""vehicle_type"": ""car"", ""vehicle_id"": ""CAR_0013"", ""link_id"": ""LINK_suburban_loop_1"", ""mode"": ""MESO"", ""link_length"": 500, ""link_capacity"": 76, ""cars_in_link"": 24, ""free_speed"": 60, ""calculated_speed"": 39.36, ""travel_time"": 12.7, ""lanes"": 3, ""tick"": 32}"
32,CAR_0020,journey_started,car,CAR_0020,,,"{""event_type"": ""journey_started"", ""vehicle_type"": ""car"", ""vehicle_id"": ""CAR_0020"", ""origin"": ""NODE_00038"", ""destination"": ""NODE_00059"", ""route_cost"": 3666.38, ""route_length"": 24, ""tick"": 32}"
32,CAR_0043,journey_started,car,CAR_0043,,,"{""event_type"": ""journey_started"", ""vehicle_type"": ""car"", ""vehicle_id"": ""CAR_0043"", ""origin"": ""NODE_00014"", ""destination"": ""NODE_00084"", ""route_cost"": 4196.99, ""route_length"": 6, ""tick"": 32}"
32,CAR_0043,enter_link,car,CAR_0043,LINK_central_park_way_3,MESO,"{""event_type"": ""enter_link"", ""vehicle_type"": ""car"", ""vehicle_id"": ""CAR_0043"", ""link_id"": ""LINK_central_park_way_3"", ""mode"": ""MESO"", ""link_length"": 1000, ""link_capacity"": 76, ""cars_in_link"": 32, ""free_speed"": 50, ""calculated_speed"": 35.47, ""travel_time"": 28.19, ""lanes"": 1, ""tick"": 32}"
32,CAR_0013,enter_link,car,CAR_0013,LINK_market_street_3,MESO,"{""event_type"": ""enter_link"", ""vehicle_type"": ""car"", ""vehicle_id"": ""CAR_0013"", ""link_id"": ""LINK_market_street_3"", ""mode"": ""MESO"", ""link_length"": 500, ""link_capacity"": 101, ""cars_in_link"": 22, ""free_speed"": 60, ""calculated_speed"": 54.94, ""travel_time"": 9.1, ""lanes"": 4, ""tick"": 32}"
32,CAR_0020,enter_link,car,CAR_0020,LINK_central_park_way_1,MESO,"{""event_type"": ""enter_link"", ""vehicle_type"": ""car"", ""vehicle_id"": ""CAR_0020"", ""link_id"": ""LINK_central_park_way_1"", ""mode"": ""MESO"", ""link_length"": 2000, ""link_capacity"": 53, ""cars_in_link"": 42, ""free_speed"": 60, ""calculated_speed"": 37.04, ""travel_time"": 54.0, ""lanes"": 1, ""tick"": 32}"
32,CAR_0043,signal_wait,car,CAR_0043,,,"{""event_type"": ""signal_wait"", ""vehicle_type"": ""car"", ""vehicle_id"": ""CAR_0043"", ""phase"": ""Red"", ""wait_until_tick"": 42, ""tick"": 32}"
32,CAR_0017,journey_started,car,CAR_0017,,,"{""event_type"": ""journey_started"", ""vehicle_type"": ""car"", ""vehicle_id"": ""CAR_0017"", ""origin"": ""NODE_00083"", ""destination"": ""NODE_00030"", ""route_cost"": 2338.08, ""route_length"": 14, ""tick"": 32}"
32,CAR_0013,signal_wait,car,CAR_0013,,,"{""event_type"": ""signal_wait"", ""vehicle_type"": ""car"", ""vehicle_id"": ""CAR_0013"", ""phase"": ""Red"", ""wait_until_tick"": 45, ""tick"": 32}"
32,CAR_0031,enter_micro_link,car,CAR_0031,LINK_river_crossing_4,MICRO,"{""event_type"": ""enter_micro_link"", ""vehicle_type"": ""car"", ""vehicle_id"": ""CAR_0031"", ""link_id"": ""LINK_river_crossing_4"", ""mode"": ""MICRO"", ""link_length"": 250, ""link_capacity"": 96, ""cars_in_link"": 7, ""free_speed"": 60, ""calculated_speed"": 54.45, ""travel_time"": 4.59, ""lanes"": 4, ""tick"": 32}"
32,CAR_0043,signal_wait,car,CAR_0043,,,"{""event_type"": ""signal_wait"", ""vehicle_type"": ""car"", ""vehicle_id"": ""CAR_0043"", ""phase"": ""Red"", ""wait_until_tick"": 44, ""tick"": 32}"
32,CAR_0031,enter_link,car,CAR_0031,LINK_central_park_way_4,MESO,"{""event_type"": ""enter_link"", ""vehicle_type"": ""car"", ""vehicle_id"": ""CAR_0031"", ""link_id"": ""LINK_central_park_way_4"", ""mode"": ""MESO"", ""link_length"": 500, ""link_capacity"": 78, ""cars_in_link"": 26, ""free_speed"": 80, ""calculated_speed"": 76.82, ""travel_time"": 6.51, ""lanes"": 4, ""tick"": 32}"
32,CAR_0031,signal_wait,car,CAR_0031,,,"{""event_type"": ""signal_wait"", ""vehicle_type"": ""car"", ""vehicle_id"": ""CAR_0031"", ""phase"": ""Red"", ""wait_until_tick"": 70, ""tick"": 32}"
32,CAR_0013,signal_wait,car,CAR_0013,,,"{""event_type"": ""signal_wait"", ""vehicle_type"": ""car"", ""vehicle_id"": ""CAR_0013"", ""phase"": ""Red"", ""wait_until_tick"": 47, ""tick"": 32}"
32,CAR_0043,enter_link,car,CAR_0043,LINK_harbor_boulevard_3,MESO,"{""event_type"": ""enter_link"", ""vehicle_type"": ""car"", ""vehicle_id"": ""CAR_0043"", ""link_id"": ""LINK_harbor_boulevard_3"", ""mode"": ""MESO"", ""link_length"": 500, ""link_capacity"": 110, ""cars_in_link"": 5, ""free_speed"": 80, ""calculated_speed"": 56.13, ""travel_time"": 8.91, ""lanes"": 4, ""tick"": 32}"
36,CAR_0013,signal_wait,car,CAR_0013,,,"{""event_type"": ""signal_wait"", ""vehicle_type"": ""car"", ""vehicle_id"": ""CAR_0013"", ""phase"": ""Red"", ""wait_until_tick"": 84, ""tick"": 36}"
36,CAR_0017,signal_wait,car,CAR_0017,,,"{""event_type"": ""signal_wait"", ""vehicle_type"": ""car"", ""vehicle_id"": ""CAR_0017"", ""phase"": ""Red"", ""wait_until_tick"": 65, ""tick"": 36}"
36,CAR_0013,enter_link,car,CAR_0013,LINK_suburban_loop_3,MESO,"{""event_type"": ""enter_link"", ""vehicle_type"": ""car"", ""vehicle_id"": ""CAR_0013"", ""link_id"": ""LINK_suburban_loop_3"", ""mode"": ""MESO"", ""link_length"": 1000, ""link_capacity"": 115, ""cars_in_link"": 0, ""free_speed"": 50, ""calculated_speed"": 29.02, ""travel_time"": 34.46, ""lanes"": 3, ""tick"": 36}"
36,CAR_0020,enter_link,car,CAR_0020,LINK_suburban_loop_0,MESO,"{""event_type"": ""enter_link"", ""vehicle_type"": ""car"", ""vehicle_id"": ""CAR_0020"", ""link_id"": ""LINK_suburban_loop_0"", ""mode"": ""MESO"", ""link_length"": 1000, ""link_capacity"": 134, ""cars_in_link"": 21, ""free_speed"": 50, ""calculated_speed"": 47.08, ""travel_time"": 21.24, ""lanes"": 3, ""tick"": 36}"
36,CAR_0017,signal_wait,car,CAR_0017,,,"{""event_type"": ""signal_wait"", ""vehicle_type"": ""car"", ""vehicle_id"": ""CAR_0017"", ""phase"": ""Red"", ""wait_until_tick"": 88, ""tick"": 36}"
36,CAR_0031,enter_link,car,CAR_0031,LINK_shopping_district_3,MESO,"{""event_type"": ""enter_link"", ""vehicle_type"": ""car"", ""vehicle_id"": ""CAR_0031"", ""link_id"": ""LINK_shopping_district_3"", ""mode"": ""MESO"", ""link_length"": 250, ""link_capacity"": 165, ""cars_in_link"": 21, ""free_speed"": 50, ""calculated_speed"": 32.94, ""travel_time"": 7.59, ""lanes"": 3, ""tick"": 36}"
36,CAR_0017,enter_micro_link,car,CAR_0017,LINK_downtown_main_st_1,MICRO,"{""event_type"": ""enter_micro_link"", ""vehicle_type"": ""car"", ""vehicle_id"": ""CAR_0017"", ""link_id"": ""LINK_downtown_main_st_1"", ""mode"": ""MICRO"", ""link_length"": 250, ""link_capacity"": 106, ""cars_in_link"": 45, ""free_speed"": 60, ""calculated_speed"": 37.39, ""travel_time"": 6.69, ""lanes"": 4, ""tick"": 36}"
36,CAR_0013,signal_wait,car,CAR_0013,,,"{""event_type"": ""signal_wait"", ""vehicle_type"": ""car"", ""vehicle_id"": ""CAR_0013"", ""phase"": ""Red"", ""wait_until_tick"": 90, ""tick"": 36}"
36,CAR_0013,enter_link,car,CAR_0013,LINK_industrial_zone_rd_3,MESO,"{""event_type"": ""enter_link"", ""vehicle_type"": ""car"", ""vehicle_id"": ""CAR_0013"", ""link_id"": ""LINK_industrial_zone_rd_3"", ""mode"": ""MESO"", ""link_length"": 2000, ""link_capacity"": 107, ""cars_in_link"": 49, ""free_speed"": 50, ""calculated_speed"": 34.15, ""travel_time"": 58.57, ""lanes"": 3, ""tick"": 36}"
36,CAR_0020,signal_wait,car,CAR_0020,,,"{""event_type"": ""signal_wait"", ""vehicle_type"": ""car"", ""vehicle_id"": ""CAR_0020"", ""phase"": ""Red"", ""wait_until_tick"": 64, ""tick"": 36}"
36,CAR_0020,enter_link,car,CAR_0020,LINK_harbor_boulevard_2,MESO,"{""event_type"": ""enter_link"", ""vehicle_type"": ""car"", ""vehicle_id"": ""CAR_0020"", ""link_id"": ""LINK_harbor_boulevard_2"", ""mode"": ""MESO"", ""link_length"": 1000, ""link_capacity"": 51, ""cars_in_link"": 32, ""free_speed"": 80, ""calculated_speed"": 71.71, ""travel_time"": 13.95, ""lanes"": 2, ""tick"": 36}"
36,CAR_0009,journey_started,car,CAR_0009,,,"{""event_type"": ""journey_started"", ""vehicle_type"": ""car"", ""vehicle_id"": ""CAR_0009"", ""origin"": ""NODE_00074"", ""destination"": ""NODE_00076"", ""route_cost"": 889.53, ""route_length"": 25, ""tick"": 36}"
41,CAR_0037,journey_started,car,CAR_0037,,,"{""event_type"": ""journey_started"", ""vehicle_type"": ""car"", ""vehicle_id"": ""CAR_0037"", ""origin"": ""NODE_00067"", ""destination"": ""NODE_00016"", ""route_cost"": 2646.83, ""route_length"": 17, ""tick"": 41}"
41,CAR_0037,enter_link,car,CAR_0037,LINK_suburban_loop_0,MESO,"{""event_type"": ""enter_link"", ""vehicle_type"": ""car"", ""vehicle_id"": ""CAR_0037"", ""link_id"": ""LINK_suburban_loop_0"", ""mode"": ""MESO"", ""link_length"": 2000, ""link_capacity"": 188, ""cars_in_link"": 2, ""free_speed"": 40, ""calculated_speed"": 35.28, ""travel_time"": 56.68, ""lanes"": 4, ""tick"": 41}"
41,CAR_0017,signal_wait,car,CAR_0017,,,"{""event_type"": ""signal_wait"", ""vehicle_type"": ""car"", ""vehicle_id"": ""CAR_0017"", ""phase"": ""Red"", ""wait_until_tick"": 100, ""tick"": 41}"
41,CAR_0045,journey_started,car,CAR_0045,,,"{""event_type"": ""journey_started"", ""vehicle_type"": ""car"", ""vehicle_id"": ""CAR_0045"", ""origin"": ""NODE_00021"", ""destination"": ""NODE_00008"", ""route_cost"": 1155.79, ""route_length"": 13, ""tick"": 41}"
41,CAR_0020,enter_link,car,CAR_0020,LINK_highway_bypass_4,MESO,"{""event_type"": ""enter_link"", ""vehicle_type"": ""car"", ""vehicle_id"": ""CAR_0020"", ""link_id"": ""LINK_highway_bypass_4"", ""mode"": ""MESO"", ""link_length"": 250, ""link_capacity"": 76, ""cars_in_link"": 6, ""free_speed"": 50, ""calculated_speed"": 29.17, ""travel_time"": 8.57, ""lanes"": 1, ""tick"": 41}"
41,CAR_0020,enter_micro_link,car,CAR_0020,LINK_downtown_main_st_4,MICRO,"{""event_type"": ""enter_micro_link"", ""vehicle_type"": ""car"", ""vehicle_id"": ""CAR_0020"", ""link_id"": ""LINK_downtown_main_st_4"", ""mode"": ""MICRO"", ""link_length"": 500, ""link_capacity"": 93, ""cars_in_link"": 1, ""free_speed"": 50, ""calculated_speed"": 38.17, ""travel_time"": 13.1, ""lanes"": 1, ""tick"": 41}"
41,CAR_0037,signal_wait,car,CAR_0037,,,"{""event_type"": ""signal_wait"", ""vehicle_type"": ""car"", ""vehicle_id"": ""CAR_0037"", ""phase"": ""Red"", ""wait_until_tick"": 87, ""tick"": 41}"
46,CAR_0020,signal_wait,car,CAR_0020,,,"{""event_type"": ""signal_wait"", ""vehicle_type"": ""car"", ""vehicle_id"": ""CAR_0020"", ""phase"": ""Red"", ""wait_until_tick"": 51, ""tick"": 46}"
46,CAR_0013,enter_link,car,CAR_0013,LINK_highway_bypass_4,MESO,"{""event_type"": ""enter_link"", ""vehicle_type"": ""car"", ""vehicle_id"": ""CAR_0013"", ""link_id"": ""LINK_highway_bypass_4"", ""mode"": ""MESO"", ""link_length"": 250, ""link_capacity"": 129, ""cars_in_link"": 20, ""free_speed"": 50, ""calculated_speed"": 36.82, ""travel_time"": 6.79, ""lanes"": 2, ""tick"": 46}"
46,CAR_0009,signal_wait,car,CAR_0009,,,"{""event_type"": ""signal_wait"", ""vehicle_type"": ""car"", ""vehicle_id"": ""CAR_0009"", ""phase"": ""Red"", ""wait_until_tick"": 67, ""tick"": 46}"
46,CAR_0017,enter_link,car,CAR_0017,LINK_suburban_loop_2,MESO,"{""event_type"": ""enter_link"", ""vehicle_type"": ""car"", ""vehicle_id"": ""CAR_0017"", ""link_id"": ""LINK_suburban_loop_2"", ""mode"": ""MESO"", ""link_length"": 500, ""link_capacity"": 198, ""cars_in_link"": 50, ""free_speed"": 40, ""calculated_speed"": 39.38, ""travel_time"": 12.7, ""lanes"": 4, ""tick"": 46}"
46,CAR_0013,signal_wait,car,CAR_0013,,,"{""event_type"": ""signal_wait"", ""vehicle_type"": ""car"", ""vehicle_id"": ""CAR_0013"", ""phase"": ""Red"", ""wait_until_tick"": 73, ""tick"": 46}"
46,CAR_0013,enter_link,car,CAR_0013,LINK_market_street_2,MESO,"{""event_type"": ""enter_link"", ""vehicle_type"": ""car"", ""vehicle_id"": ""CAR_0013"", ""link_id"": ""LINK_market_street_2"", ""mode"": ""MESO"", ""link_length"": 1000, ""link_capacity"": 97, ""cars_in_link"": 34, ""free_speed"": 80, ""calculated_speed"": 47.59, ""travel_time"": 21.01, ""lanes"": 3, ""tick"": 46}"
46,CAR_0017,signal_wait,car,CAR_0017,,,"{""event_type"": ""signal_wait"", ""vehicle_type"": ""car"", ""vehicle_id"": ""CAR_0017"", ""phase"": ""Red"", ""wait_until_tick"": 55, ""tick"": 46}"
46,CAR_0017,enter_micro_link,car,CAR_0017,LINK_shopping_district_2,MICRO,"{""event_type"": ""enter_micro_link"", ""vehicle_type"": ""car"", ""vehicle_id"": ""CAR_0017"", ""link_id"": ""LINK_shopping_district_2"", ""mode"": ""MICRO"", ""link_length"": 250, ""link_capacity"": 54, ""cars_in_link"": 39, ""free_speed"": 80, ""calculated_speed"": 69.35, ""travel_time"": 3.61, ""lanes"": 3, ""tick"": 46}"
46,CAR_0045,enter_link,car,CAR_0045,LINK_industrial_zone_rd_3,MESO,"{""event_type"": ""enter_link"", ""vehicle_type"": ""car"", ""vehicle_id"": ""CAR_0045"", ""link_id"": ""LINK_industrial_zone_rd_3"", ""mode"": ""MESO"", ""link_length"": 2000, ""link_capacity"": 177, ""cars_in_link"": 49, ""free_speed"": 50, ""calculated_speed"": 38.1, ""travel_time"": 52.49, ""lanes"": 2, ""tick"": 46}"
46,CAR_0020,enter_link,car,CAR_0020,LINK_river_crossing_3,MESO,"{""event_type"": ""enter_link"", ""vehicle_type"": ""car"", ""vehicle_id"": ""CAR_0020"", ""link_id"": ""LINK_river_crossing_3"", ""mode"": ""MESO"", ""link_length"": 2000, ""link_capacity"": 115, ""cars_in_link"": 3, ""free_speed"": 80, ""calculated_speed"": 61.03, ""travel_time"": 32.77, ""lanes"": 3, ""tick"": 46}"
46,CAR_0045,enter_micro_link,car,CAR_0045,LINK_central_park_way_2,MICRO,"{""event_type"": ""enter_micro_link"", ""vehicle_type"": ""car"", ""vehicle_id"": ""CAR_0045"", ""link_id"": ""LINK_central_park_way_2"", ""mode"": ""MICRO"", ""link_length"": 250, ""link_capacity"": 68, ""cars_in_link"": 19, ""free_speed"": 60, ""calculated_speed"": 45.87, ""travel_time"": 5.45, ""lanes"": 1, ""tick"": 46}"
46,CAR_0017,signal_wait,car,CAR_0017,,,"{""event_type"": ""signal_wait"", ""vehicle_type"": ""car"", ""vehicle_id"": ""CAR_0017"", ""phase"": ""Red"", ""wait_until_tick"": 84, ""tick"": 46}"
46,CAR_0037,signal_wait,car,CAR_0037,,,"{""event_type"": ""signal_wait"", ""vehicle_type"": ""car"", ""vehicle_id"": ""CAR_0037"", ""phase"": ""Red"", ""wait_until_tick"": 54, ""tick"": 46}"
46,CAR_0037,enter_link,car,CAR_0037,LINK_suburban_loop_1,MESO,"{""event_type"": ""enter_link"", ""vehicle_type"": ""car"", ""vehicle_id"": ""CAR_0037"", ""link_id"": ""LINK_suburban_loop_1"", ""mode"": ""MESO"", ""link_length"": 250, ""link_capacity"": 132, ""cars_in_link"": 43, ""free_speed"": 60, ""calculated_speed"": 53.3, ""travel_time"": 4.69, ""lanes"": 1, ""tick"": 46}"
46,CAR_0037,enter_micro_link,car,CAR_0037,LINK_downtown_main_st_0,MICRO,"{""event_type"": ""enter_micro_link"", ""vehicle_type"": ""car"", ""vehicle_id"": ""CAR_0037"", ""link_id"": ""LINK_downtown_main_st_0"", ""mode"": ""MICRO"", ""link_length"": 1000, ""link_capacity"": 170, ""cars_in_link"": 1, ""free_speed"": 40, ""calculated_speed"": 26.1, ""travel_time"": 38.31, ""lanes"": 3, ""tick"": 46}"
46,CAR_0020,signal_wait,car,CAR_0020,,,"{""event_type"": ""signal_wait"", ""vehicle_type"": ""car"", ""vehicle_id"": ""CAR_0020"", ""phase"": ""Red"", ""wait_until_tick"": 84, ""tick"": 46}"
46,CAR_0017,enter_link,car,CAR_0017,LINK_industrial_zone_rd_4,MESO,"{""event_type"": ""enter_link"", ""vehicle_type"": ""car"", ""vehicle_id"": ""CAR_0017"", ""link_id"": ""LINK_industrial_zone_rd_4"", ""mode"": ""MESO"", ""link_length"": 1000, ""link_capacity"": 52, ""cars_in_link"": 4, ""free_speed"": 40, ""calculated_speed"": 29.3, ""travel_time"": 34.13, ""lanes"": 4, ""tick"": 46}"
51,CAR_0013,enter_micro_link,car,CAR_0013,LINK_market_street_3,MICRO,"{""event_type"": ""enter_micro_link"", ""vehicle_type"": ""car"", ""vehicle_id"": ""CAR_0013"", ""link_id"": ""LINK_market_street_3"", ""mode"": ""MICRO"", ""link_length"": 500, ""link_capacity"": 56, ""cars_in_link"": 22, ""free_speed"": 50, ""calculated_speed"": 30.77, ""travel_time"": 16.25, ""lanes"": 1, ""tick"": 51}"
51,CAR_0013,enter_link,car,CAR_0013,LINK_downtown_main_st_0,MESO,"{""event_type"": ""enter_link"", ""vehicle_type"": ""car"", ""vehicle_id"": ""CAR_0013"", ""link_id"": ""LINK_downtown_main_st_0"", ""mode"": ""MESO"", ""link_length"": 1000, ""link_capacity"": 101, ""cars_in_link"": 48, ""free_speed"": 80, ""calculated_speed"": 48.9, ""travel_time"": 20.45, ""lanes"": 2, ""tick"": 51}"
51,CAR_0037,enter_micro_link,car,CAR_0037,LINK_industrial_zone_rd_4,MICRO,"{""event_type"": ""enter_micro_link"", ""vehicle_type"": ""car"", ""vehicle_id"": ""CAR_0037"", ""link_id"": ""LINK_industrial_zone_rd_4"", ""mode"": ""MICRO"", ""link_length"": 1000, ""link_capacity"": 159, ""cars_in_link"": 25, ""free_speed"": 80, ""calculated_speed"": 75.5, ""travel_time"": 13.24, ""lanes"": 1, ""tick"": 51}"
51,CAR_0020,signal_wait,car,CAR_0020,,,"{""event_type"": ""signal_wait"", ""vehicle_type"": ""car"", ""vehicle_id"": ""CAR_0020"", ""phase"": ""Red"", ""wait_until_tick"": 81, ""tick"": 51}"
51,CAR_0009,enter_link,car,CAR_0009,LINK_suburban_loop_4,MESO,"{""event_type"": ""enter_link"", ""vehicle_type"": ""car"", ""vehicle_id"": ""CAR_0009"", ""link_id"": ""LINK_suburban_loop_4"", ""mode"": ""MESO"", ""link_length"": 500, ""link_capacity"": 165, ""cars_in_link"": 40, ""free_speed"": 40, ""calculated_speed"": 21.82, ""travel_time"": 22.91, ""lanes"": 3, ""tick"": 51}"
51,CAR_0016,journey_started,car,CAR_0016,,,"{""event_type"": ""journey_started"", ""vehicle_type"": ""car"", ""vehicle_id"": ""CAR_0016"", ""origin"": ""NODE_00071"", ""destination"": ""NODE_00036"", ""route_cost"": 3136.85, ""route_length"": 22, ""tick"": 51}"
51,CAR_0009,signal_wait,car,CAR_0009,,,"{""event_type"": ""signal_wait"", ""vehicle_type"": ""car"", ""vehicle_id"": ""CAR_0009"", ""phase"": ""Red"", ""wait_until_tick"": 61, ""tick"": 51}"
51,CAR_0037,enter_micro_link,car,CAR_0037,LINK_suburban_loop_3,MICRO,"{""event_type"": ""enter_micro_link"", ""vehicle_type"": ""car"", ""vehicle_id"": ""CAR_0037"", ""link_id"": ""LINK_suburban_loop_3"", ""mode"": ""MICRO"", ""link_length"": 250, ""link_capacity"": 81, ""cars_in_link"": 44, ""free_speed"": 60, ""calculated_speed"": 44.12, ""travel_time"": 5.67, ""lanes"": 3, ""tick"": 51}"
51,CAR_0009,enter_link,car,CAR_0009,LINK_industrial_zone_rd_3,MESO,"{""event_type"": ""enter_link"", ""vehicle_type"": ""car"", ""vehicle_id"": ""CAR_0009"", ""link_id"": ""LINK_industrial_zone_rd_3"", ""mode"": ""MESO"", ""link_length"": 1000, ""link_capacity"": 119, ""cars_in_link"": 9, ""free_speed"": 80, ""calculated_speed"": 66.84, ""travel_time"": 14.96, ""lanes"": 2, ""tick"": 51}"
55,CAR_0045,signal_wait,car,CAR_0045,,,"{""event_type"": ""signal_wait"", ""vehicle_type"": ""car"", ""vehicle_id"": ""CAR_0045"", ""phase"": ""Red"", ""wait_until_tick"": 61, ""tick"": 55}"
55,CAR_0016,signal_wait,car,CAR_0016,,,"{""event_type"": ""signal_wait"", ""vehicle_type"": ""car"", ""vehicle_id"": ""CAR_0016"", ""phase"": ""Red"", ""wait_until_tick"": 98, ""tick"": 55}"
55,CAR_0009,enter_link,car,CAR_0009,LINK_market_street_4,MESO,"{""event_type"": ""enter_link"", ""vehicle_type"": ""car"", ""vehicle_id"": ""CAR_0009"", ""link_id"": ""LINK_market_street_4"", ""mode"": ""MESO"", ""link_length"": 500, ""link_capacity"": 124, ""cars_in_link"": 24, ""free_speed"": 50, ""calculated_speed"": 36.32, ""travel_time"": 13.76, ""lanes"": 4, ""tick"": 55}"
55,CAR_0045,enter_link,car,CAR_0045,LINK_downtown_main_st_5,MESO,"{""event_type"": ""enter_link"", ""vehicle_type"": ""car"", ""vehicle_id"": ""CAR_0045"", ""link_id"": ""LINK_downtown_main_st_5"", ""mode"": ""MESO"", ""link_length"": 1000, ""link_capacity"": 138, ""cars_in_link"": 5, ""free_speed"": 80, ""calculated_speed"": 68.71, ""travel_time"": 14.55, ""lanes"": 1, ""tick"": 55}"
55,CAR_0045,enter_micro_link,car,CAR_0045,LINK_industrial_zone_rd_2,MICRO,"{""event_type"": ""enter_micro_link"", ""vehicle_type"": ""car"", ""vehicle_id"": ""CAR_0045"", ""link_id"": ""LINK_industrial_zone_rd_2"", ""mode"": ""MICRO"", ""link_length"": 2000, ""link_capacity"": 171, ""cars_in_link"": 8, ""free_speed"": 50, ""calculated_speed"": 41.56, ""travel_time"": 48.12, ""lanes"": 2, ""tick"": 55}"
55,CAR_0045,enter_link,car,CAR_0045,LINK_market_street_1,MESO,"{""event_type"": ""enter_link"", ""vehicle_type"": ""car"", ""vehicle_id"": ""CAR_0045"", ""link_id"": ""LINK_market_street_1"", ""mode"": ""MESO"", ""link_length"": 500, ""link_capacity"": 54, ""cars_in_link"": 9, ""free_speed"": 50, ""calculated_speed"": 25.29, ""travel_time"": 19.77, ""lanes"": 4, ""tick"": 55}"
55,CAR_0016,enter_link,car,CAR_0016,LINK_shopping_district_0,MESO,"{""event_type"": ""enter_link"", ""vehicle_type"": ""car"", ""vehicle_id"": ""CAR_0016"", ""link_id"": ""LINK_shopping_district_0"", ""mode"": ""MESO"", ""link_length"": 1000, ""link_capacity"": 183, ""cars_in_link"": 39, ""free_speed"": 80, ""calculated_speed"": 60.68, ""travel_time"": 16.48, ""lanes"": 1, ""tick"": 55}"
55,CAR_0009,enter_link,car,CAR_0009,LINK_central_park_way_2,MESO,"{""event_type"": ""enter_link"", ""vehicle_type"": ""car"", ""vehicle_id"": ""CAR_0009"", ""link_id"": ""LINK_central_park_way_2"", ""mode"": ""MESO"", ""link_length"": 500, ""link_capacity"": 110, ""cars_in_link"": 31, ""free_speed"": 60, ""calculated_speed"": 53.48, ""travel_time"": 9.35, ""lanes"": 2, ""tick"": 55}"
55,CAR_0045,signal_wait,car,CAR_0045,,,"{""event_type"": ""signal_wait"", ""vehicle_type"": ""car"", ""vehicle_id"": ""CAR_0045"", ""phase"": ""Red"", ""wait_until_tick"": 98, ""tick"": 55}"
55,CAR_0009,signal_wait,car,CAR_0009,,,"{""event_type"": ""signal_wait"", ""vehicle_type"": ""car"", ""vehicle_id"": ""CAR_0009"", ""phase"": ""Red"", ""wait_until_tick"": 106, ""tick"": 55}"
55,CAR_0037,signal_wait,car,CAR_0037,,,"{""event_type"": ""signal_wait"", ""vehicle_type"": ""car"", ""vehicle_id"": ""CAR_0037"", ""phase"": ""Red"", ""wait_until_tick"": 85, ""tick"": 55}"
55,CAR_0009,signal_wait,car,CAR_0009,,,"{""event_type"": ""signal_wait"", ""vehicle_type"": ""car"", ""vehicle_id"": ""CAR_0009"", ""phase"": ""Red"", ""wait_until_tick"": 76, ""tick"": 55}"
56,CAR_0026,journey_started,car,CAR_0026,,,"{""event_type"": ""journey_started"", ""vehicle_type"": ""car"", ""vehicle_id"": ""CAR_0026"", ""origin"": ""NODE_00016"", ""destination"": ""NODE_00028"", ""route_cost"": 4054.81, ""route_length"": 26, ""tick"": 56}"
56,CAR_0046,journey_started,car,CAR_0046,,,"{""event_type"": ""journey_started"", ""vehicle_type"": ""car"", ""vehicle_id"": ""CAR_0046"", ""origin"": ""NODE_00084"", ""destination"": ""NODE_00076"", ""route_cost"": 4445.88, ""route_length"": 18, ""tick"": 56}"
59,CAR_0046,signal_wait,car,CAR_0046,,,"{""event_type"": ""signal_wait"", ""vehicle_type"": ""car"", ""vehicle_id"": ""CAR_0046"", ""phase"": ""Red"", ""wait_until_tick"": 119, ""tick"": 59}"
59,CAR_0046,enter_link,car,CAR_0046,LINK_shopping_district_0,MESO,"{""event_type"": ""enter_link"", ""vehicle_type"": ""car"", ""vehicle_id"": ""CAR_0046"", ""link_id"": ""LINK_shopping_district_0"", ""mode"": ""MESO"", ""link_length"": 250, ""link_capacity"": 145, ""cars_in_link"": 49, ""free_speed"": 50, ""calculated_speed"": 37.95, ""travel_time"": 6.59, ""lanes"": 4, ""tick"": 59}"
59,CAR_0014,journey_started,car,CAR_0014,,,"{""event_type"": ""journey_started"", ""vehicle_type"": ""car"", ""vehicle_id"": ""CAR_0014"", ""origin"": ""NODE_00065"", ""destination"": ""NODE_00091"", ""route_cost"": 2426.11, ""route_length"": 27, ""tick"": 59}"
59,CAR_0014,signal_wait,car,CAR_0014,,,"{""event_type"": ""signal_wait"", ""vehicle_type"": ""car"", ""vehicle_id"": ""CAR_0014"", ""phase"": ""Red"", ""wait_until_tick"": 107, ""tick"": 59}"
59,CAR_0014,enter_link,car,CAR_0014,LINK_shopping_district_1,MESO,"{""event_type"": ""enter_link"", ""vehicle_type"": ""car"", ""vehicle_id"": ""CAR_0014"", ""link_id"": ""LINK_shopping_district_1"", ""mode"": ""MESO"", ""link_length"": 1000, ""link_capacity"": 130, ""cars_in_link"": 12, ""free_speed"": 80, ""calculated_speed"": 66.54, ""travel_time"": 15.03, ""lanes"": 4, ""tick"": 59}"
64,CAR_0014,enter_link,car,CAR_0014,LINK_shopping_district_2,MESO,"{""event_type"": ""enter_link"", ""vehicle_type"": ""car"", ""vehicle_id"": ""CAR_0014"", ""link_id"": ""LINK_shopping_district_2"", ""mode"": ""MESO"", ""link_length"": 1000, ""link_capacity"": 70, ""cars_in_link"": 49, ""free_speed"": 60, ""calculated_speed"": 37.65, ""travel_time"": 26.56, ""lanes"": 1, ""tick"": 64}"
64,CAR_0023,journey_started,car,CAR_0023,,,"{""event_type"": ""journey_started"", ""vehicle_type"": ""car"", ""vehicle_id"": ""CAR_0023"", ""origin"": ""NODE_00034"", ""destination"": ""NODE_00046"", ""route_cost"": 3416.95, ""route_length"": 10, ""tick"": 64}"
64,CAR_0022,journey_started,car,CAR_0022,,,"{""event_type"": ""journey_started"", ""vehicle_type"": ""car"", ""vehicle_id"": ""CAR_0022"", ""origin"": ""NODE_00056"", ""destination"": ""NODE_00015"", ""route_cost"": 3126.06, ""route_length"": 8, ""tick"": 64}"
64,CAR_0023,signal_wait,car,CAR_0023,,,"{""event_type"": ""signal_wait"", ""vehicle_type"": ""car"", ""vehicle_id"": ""CAR_0023"", ""phase"": ""Red"", ""wait_until_tick"": 78, ""tick"": 64}"
64,CAR_0023,enter_link,car,CAR_0023,LINK_central_park_way_3,MESO,"{""event_type"": ""enter_link"", ""vehicle_type"": ""car"", ""vehicle_id"": ""CAR_0023"", ""link_id"": ""LINK_central_park_way_3"", ""mode"": ""MESO"", ""link_length"": 1000, ""link_capacity"": 191, ""cars_in_link"": 19, ""free_speed"": 50, ""calculated_speed"": 27.32, ""travel_time"": 36.6, ""lanes"": 3, ""tick"": 64}"
64,CAR_0023,signal_wait,car,CAR_0023,,,"{""event_type"": ""signal_wait"", ""vehicle_type"": ""car"", ""vehicle_id"": ""CAR_0023"", ""phase"": ""Red"", ""wait_until_tick"": 101, ""tick"": 64}"
69,CAR_0022,enter_link,car,CAR_0022,LINK_central_park_way_0,MESO,"{""event_type"": ""enter_link"", ""vehicle_type"": ""car"", ""vehicle_id"": ""CAR_0022"", ""link_id"": ""LINK_central_park_way_0"", ""mode"": ""MESO"", ""link_length"": 1000, ""link_capacity"": 64, ""cars_in_link"": 19, ""free_speed"": 50, ""calculated_speed"": 25.68, ""travel_time"": 38.94, ""lanes"": 4, ""tick"": 69}"
69,CAR_0022,enter_micro_link,car,CAR_0022,LINK_industrial_zone_rd_2,MICRO,"{""event_type"": ""enter_micro_link"", ""vehicle_type"": ""car"", ""vehicle_id"": ""CAR_0022"", ""link_id"": ""LINK_industrial_zone_rd_2"", ""mode"": ""MICRO"", ""link_length"": 250, ""link_capacity"": 200, ""cars_in_link"": 15, ""free_speed"": 40, ""calculated_speed"": 24.05, ""travel_time"": 10.39, ""lanes"": 4, ""tick"": 69}"
69,CAR_0022,signal_wait,car,CAR_0022,,,"{""event_type"": ""signal_wait"", ""vehicle_type"": ""car"", ""vehicle_id"": ""CAR_0022"", ""phase"": ""Red"", ""wait_until_tick"": 77, ""tick"": 69}"
69,CAR_0020,journey_started,car,CAR_0020,,,"{""event_type"": ""journey_started"", ""vehicle_type"": ""car"", ""vehicle_id"": ""CAR_0020"", ""origin"": ""NODE_00012"", ""destination"": ""NODE_00051"", ""route_cost"": 3522.3, ""route_length"": 9, ""tick"": 69}"
69,CAR_0022,enter_link,car,CAR_0022,LINK_shopping_district_2,MESO,"{""event_type"": ""enter_link"", ""vehicle_type"": ""car"", ""vehicle_id"": ""CAR_0022"", ""link_id"": ""LINK_shopping_district_2"", ""mode"": ""MESO"", ""link_length"": 1000, ""link_capacity"": 84, ""cars_in_link"": 41, ""free_speed"": 40, ""calculated_speed"": 38.28, ""travel_time"": 26.12, ""lanes"": 1, ""tick"": 69}"
69,CAR_0022,enter_micro_link,car,CAR_0022,LINK_downtown_main_st_0,MICRO,"{""event_type"": ""enter_micro_link"", ""vehicle_type"": ""car"", ""vehicle_id"": ""CAR_0022"", ""link_id"": ""LINK_downtown_main_st_0"", ""mode"": ""MICRO"", ""link_length"": 500, ""link_capacity"": 141, ""cars_in_link"": 12, ""free_speed"": 40, ""calculated_speed"": 35.17, ""travel_time"": 14.22, ""lanes"": 1, ""tick"": 69}"
69,CAR_0002,journey_started,car,CAR_0002,,,"{""event_type"": ""journey_started"", ""vehicle_type"": ""car"", ""vehicle_id"": ""CAR_0002"", ""origin"": ""NODE_00062"", ""destination"": ""NODE_00056"", ""route_cost"": 4059.49, ""route_length"": 23, ""tick"": 69}"
69,CAR_0038,journey_started,car,CAR_0038,,,"{""event_type"": ""journey_started"", ""vehicle_type"": ""car"", ""vehicle_id"": ""CAR_0038"", ""origin"": ""NODE_00025"", ""destination"": ""NODE_00074"", ""route_cost"": 717.31, ""route_length"": 21, ""tick"": 69}"
69,CAR_0020,enter_micro_link,car,CAR_0020,LINK_uptown_avenue_1,MICRO,"{""event_type"": ""enter_micro_link"", ""vehicle_type"": ""car"", ""vehicle_id"": ""CAR_0020"", ""link_id"": ""LINK_uptown_avenue_1"", ""mode"": ""MICRO"", ""link_length"": 500, ""link_capacity"": 65, ""cars_in_link"": 8, ""free_speed"": 50, ""calculated_speed"": 44.93, ""travel_time"": 11.13, ""lanes"": 3, ""tick"": 69}"
69,CAR_0038,enter_link,car,CAR_0038,LINK_industrial_zone_rd_4,MESO,"{""event_type"": ""enter_link"", ""vehicle_type"": ""car"", ""vehicle_id"": ""CAR_0038"", ""link_id"": ""LINK_industrial_zone_rd_4"", ""mode"": ""MESO"", ""link_length"": 2000, ""link_capacity"": 194, ""cars_in_link"": 21, ""free_speed"": 60, ""calculated_speed"": 55.56, ""travel_time"": 36.0, ""lanes"": 3, ""tick"": 69}"
69,CAR_0022,enter_micro_link,car,CAR_0022,LINK_suburban_loop_3,MICRO,"{""event_type"": ""enter_micro_link"", ""vehicle_type"": ""car"", ""vehicle_id"": ""CAR_0022"", ""link_id"": ""LINK_suburban_loop_3"", ""mode"": ""MICRO"", ""link_length"": 500, ""link_capacity"": 95, ""cars_in_link"": 16, ""free_speed"": 50, ""calculated_speed"": 29.9, ""travel_time"": 16.72, ""lanes"": 1, ""tick"": 69}"
70,CAR_0002,signal_wait,car,CAR_0002,,,"{""event_type"": ""signal_wait"", ""vehicle_type"": ""car"", ""vehicle_id"": ""CAR_0002"", ""phase"": ""Red"", ""wait_until_tick"": 109, ""tick"": 70}"
70,CAR_0038,signal_wait,car,CAR_0038,,,"{""event_type"": ""signal_wait"", ""vehicle_type"": ""car"", ""vehicle_id"": ""CAR_0038"", ""phase"": ""Red"", ""wait_until_tick"": 85, ""tick"": 70}"
70,CAR_0038,enter_micro_link,car,CAR_0038,LINK_uptown_avenue_3,MICRO,"{""event_type"": ""enter_micro_link"", ""vehicle_type"": ""car"", ""vehicle_id"": ""CAR_0038"", ""link_id"": ""LINK_uptown_avenue_3"", ""mode"": ""MICRO"", ""link_length"": 2000, ""link_capacity"": 145, ""cars_in_link"": 33, ""free_speed"": 50, ""calculated_speed"": 33.05, ""travel_time"": 60.52, ""lanes"": 4, ""tick"": 70}"
70,CAR_0022,enter_link,car,CAR_0022,LINK_industrial_zone_rd_2,MESO,"{""event_type"": ""enter_link"", ""vehicle_type"": ""car"", ""vehicle_id"": ""CAR_0022"", ""link_id"": ""LINK_industrial_zone_rd_2"", ""mode"": ""MESO"", ""link_length"": 500, ""link_capacity"": 71, ""cars_in_link"": 8, ""free_speed"": 60, ""calculated_speed"": 37.64, ""travel_time"": 13.29, ""lanes"": 1, ""tick"": 70}"
70,CAR_0038,enter_micro_link,car,CAR_0038,LINK_downtown_main_st_0,MICRO,"{""event_type"": ""enter_micro_link"", ""vehicle_type"": ""car"", ""vehicle_id"": ""CAR_0038"", ""link_id"": ""LINK_downtown_main_st_0"", ""mode"": ""MICRO"", ""link_length"": 1000, ""link_capacity"": 153, ""cars_in_link"": 25, ""free_speed"": 60, ""calculated_speed"": 54.67, ""travel_time"": 18.29, ""lanes"": 1, ""tick"": 70}"
70,CAR_0020,signal_wait,car,CAR_0020,,,"{""event_type"": ""signal_wait"", ""vehicle_type"": ""car"", ""vehicle_id"": ""CAR_0020"", ""phase"": ""Red"", ""wait_until_tick"": 88, ""tick"": 70}"
70,CAR_0020,enter_link,car,CAR_0020,LINK_market_street_4,MESO,"{""event_type"": ""enter_link"", ""vehicle_type"": ""car"", ""vehicle_id"": ""CAR_0020"", ""link_id"": ""LINK_market_street_4"", ""mode"": ""MESO"", ""link_length"": 2000, ""link_capacity"": 55, ""cars_in_link"": 36, ""free_speed"": 60, ""calculated_speed"": 39.78, ""travel_time"": 50.27, ""lanes"": 1, ""tick"": 70}"
70,CAR_0038,signal_wait,car,CAR_0038,,,"{""event_type"": ""signal_wait"", ""vehicle_type"": ""car"", ""vehicle_id"": ""CAR_0038"", ""phase"": ""Red"", ""wait_until_tick"": 86, ""tick"": 70}"
70,CAR_0020,enter_link,car,CAR_0020,LINK_industrial_zone_rd_0,MESO,"{""event_type"": ""enter_link"", ""vehicle_type"": ""car"", ""vehicle_id"": ""CAR_0020"", ""link_id"": ""LINK_industrial_zone_rd_0"", ""mode"": ""MESO"", ""link_length"": 2000, ""link_capacity"": 102, ""cars_in_link"": 19, ""free_speed"": 50, ""calculated_speed"": 28.25, ""travel_time"": 70.8, ""lanes"": 4, ""tick"": 70}"
70,CAR_0038,enter_link,car,CAR_0038,LINK_harbor_boulevard_3,MESO,"{""event_type"": ""enter_link"", ""vehicle_type"": ""car"", ""vehicle_id"": ""CAR_0038"", ""link_id"": ""LINK_harbor_boulevard_3"", ""mode"": ""MESO"", ""link_length"": 2000, ""link_capacity"": 86, ""cars_in_link"": 28, ""free_speed"": 60, ""calculated_speed"": 36.05, ""travel_time"": 55.48, ""lanes"": 1, ""tick"": 70}"
70,CAR_0038,enter_micro_link,car,CAR_0038,LINK_industrial_zone_rd_2,MICRO,"{""event_type"": ""enter_micro_link"", ""vehicle_type"": ""car"", ""vehicle_id"": ""CAR_0038"", ""link_id"": ""LINK_industrial_zone_rd_2"", ""mode"": ""MICRO"", ""link_length"": 500, ""link_capacity"": 61, ""cars_in_link"": 15, ""free_speed"": 40, ""calculated_speed"": 27.87, ""travel_time"": 17.94, ""lanes"": 2, ""tick"": 70}"
70,CAR_0046,journey_started,car,CAR_0046,,,"{""event_type"": ""journey_started"", ""vehicle_type"": ""car"", ""vehicle_id"": ""CAR_0046"", ""origin"": ""NODE_00018"", ""destination"": ""NODE_00042"", ""route_cost"": 3384.45, ""route_length"": 19, ""tick"": 70}"
70,CAR_0046,signal_wait,car,CAR_0046,,,"{""event_type"": ""signal_wait"", ""vehicle_type"": ""car"", ""vehicle_id"": ""CAR_0046"", ""phase"": ""Red"", ""wait_until_tick"": 93, ""tick"": 70}"
72,CAR_0038,enter_link,car,CAR_0038,LINK_industrial_zone_rd_0,MESO,"{""event_type"": ""enter_link"", ""vehicle_type"": ""car"", ""vehicle_id"": ""CAR_0038"", ""link_id"": ""LINK_industrial_zone_rd_0"", ""mode"": ""MESO"", ""link_length"": 2000, ""link_capacity"": 63, ""cars_in_link"": 40, ""free_speed"": 40, ""calculated_speed"": 39.07, ""travel_time"": 51.19, ""lanes"": 2, ""tick"": 72}"
72,CAR_0038,signal_wait,car,CAR_0038,,,"{""event_type"": ""signal_wait"", ""vehicle_type"": ""car"", ""vehicle_id"": ""CAR_0038"", ""phase"": ""Red"", ""wait_until_tick"": 100, ""tick"": 72}"
72,CAR_0038,enter_link,car,CAR_0038,LINK_harbor_boulevard_3,MESO,"{""event_type"": ""enter_link"", ""vehicle_type"": ""car"", ""vehicle_id"": ""CAR_0038"", ""link_id"": ""LINK_harbor_boulevard_3"", ""mode"": ""MESO"", ""link_length"": 2000, ""link_capacity"": 173, ""cars_in_link"": 1, ""free_speed"": 50, ""calculated_speed"": 45.49, ""travel_time"": 43.97, ""lanes"": 4, ""tick"": 72}"
72,CAR_0046,enter_link,car,CAR_0046,LINK_uptown_avenue_2,MESO,"{""event_type"": ""enter_link"", ""vehicle_type"": ""car"", ""vehicle_id"": ""CAR_0046"", ""link_id"": ""LINK_uptown_avenue_2"", ""mode"": ""MESO"", ""link_length"": 500, ""link_capacity"": 107, ""cars_in_link"": 44, ""free_speed"": 50, ""calculated_speed"": 46.2, ""travel_time"": 10.82, ""lanes"": 1, ""tick"": 72}"
72,CAR_0046,signal_wait,car,CAR_0046,,,"{""event_type"": ""signal_wait"", ""vehicle_type"": ""car"", ""vehicle_id"": ""CAR_0046"", ""phase"": ""Red"", ""wait_until_tick"": 129, ""tick"": 72}"
77,CAR_0046,enter_micro_link,car,CAR_0046,LINK_highway_bypass_1,MICRO,"{""event_type"": ""enter_micro_link"", ""vehicle_type"": ""car"", ""vehicle_id"": ""CAR_0046"", ""link_id"": ""LINK_highway_bypass_1"", ""mode"": ""MICRO"", ""link_length"": 2000, ""link_capacity"": 72, ""cars_in_link"": 19, ""free_speed"": 50, ""calculated_speed"": 32.63, ""travel_time"": 61.29, ""lanes"": 4, ""tick"": 77}"
77,CAR_0046,enter_link,car,CAR_0046,LINK_suburban_loop_2,MESO,"{""event_type"": ""enter_link"", ""vehicle_type"": ""car"", ""vehicle_id"": ""CAR_0046"", ""link_id"": ""LINK_suburban_loop_2"", ""mode"": ""MESO"", ""link_length"": 2000, ""link_capacity"": 91, ""cars_in_link"": 42, ""free_speed"": 60, ""calculated_speed"": 57.03, ""travel_time"": 35.07, ""lanes"": 2, ""tick"": 77}"
79,CAR_0007,journey_started,car,CAR_0007,,,"{""event_type"": ""journey_started"", ""vehicle_type"": ""car"", ""vehicle_id"": ""CAR_0007"", ""origin"": ""NODE_00070"", ""destination"": ""NODE_00095"", ""route_cost"": 4109.45, ""route_length"": 27, ""tick"": 79}"
79,CAR_0007,enter_link,car,CAR_0007,LINK_industrial_zone_rd_3,MESO,"{""event_type"": ""enter_link"", ""vehicle_type"": ""car"", ""vehicle_id"": ""CAR_0007"", ""link_id"": ""LINK_industrial_zone_rd_3"", ""mode"": ""MESO"", ""link_length"": 2000, ""link_capacity"": 198, ""cars_in_link"": 45, ""free_speed"": 50, ""calculated_speed"": 34.62, ""travel_time"": 57.78, ""lanes"": 4, ""tick"": 79}"
79,CAR_0007,enter_link,car,CAR_0007,LINK_downtown_main_st_3,MESO,"{""event_type"": ""enter_link"", ""vehicle_type"": ""car"", ""vehicle_id"": ""CAR_0007"", ""link_id"": ""LINK_downtown_main_st_3"", ""mode"": ""MESO"", ""link_length"": 1000, ""link_capacity"": 85, ""cars_in_link"": 7, ""free_speed"": 80, ""calculated_speed"": 66.01, ""travel_time"": 15.15, ""lanes"": 4, ""tick"": 79}"
80,CAR_0042,journey_started,car,CAR_0042,,,"{""event_type"": ""journey_started"", ""vehicle_type"": ""car"", ""vehicle_id"": ""CAR_0042"", ""origin"": ""NODE_00074"", ""destination"": ""NODE_00001"", ""route_cost"": 4567.05, ""route_length"": 14, ""tick"": 80}"
85,CAR_0009,journey_started,car,CAR_0009,,,"{""event_type"": ""journey_started"", ""vehicle_type"": ""car"", ""vehicle_id"": ""CAR_0009"", ""origin"": ""NODE_00014"", ""destination"": ""NODE_00042"", ""route_cost"": 4320.8, ""route_length"": 28, ""tick"": 85}"
85,CAR_0009,signal_wait,car,CAR_0009,,,"{""event_type"": ""signal_wait"", ""vehicle_type"": ""car"", ""vehicle_id"": ""CAR_0009"", ""phase"": ""Red"", ""wait_until_tick"": 135, ""tick"": 85}"
85,CAR_0042,enter_link,car,CAR_0042,LINK_central_park_way_4,MESO,"{""event_type"": ""enter_link"", ""vehicle_type"": ""car"", ""vehicle_id"": ""CAR_0042"", ""link_id"": ""LINK_central_park_way_4"", ""mode"": ""MESO"", ""link_length"": 1000, ""link_capacity"": 77, ""cars_in_link"": 47, ""free_speed"": 40, ""calculated_speed"": 22.95, ""travel_time"": 43.58, ""lanes"": 1, ""tick"": 85}"
85,CAR_0042,enter_link,car,CAR_0042,LINK_uptown_avenue_3,MESO,"{""event_type"": ""enter_link"", ""vehicle_type"": ""car"", ""vehicle_id"": ""CAR_0042"", ""link_id"": ""LINK_uptown_avenue_3"", ""mode"": ""MESO"", ""link_length"": 2000, ""link_capacity"": 113, ""cars_in_link"": 7, ""free_speed"": 40, ""calculated_speed"": 33.62, ""travel_time"": 59.48, ""lanes"": 2, ""tick"": 85}"
85,CAR_0037,journey_started,car,CAR_0037,,,"{""event_type"": ""journey_started"", ""vehicle_type"": ""car"", ""vehicle_id"": ""CAR_0037"", ""origin"": ""NODE_00035"", ""destination"": ""NODE_00031"", ""route_cost"": 422.65, ""route_length"": 8, ""tick"": 85}"
85,CAR_0037,enter_link,car,CAR_0037,LINK_suburban_loop_2,MESO,"{""event_type"": ""enter_link"", ""vehicle_type"": ""car"", ""vehicle_id"": ""CAR_0037"", ""link_id"": ""LINK_suburban_loop_2"", ""mode"": ""MESO"", ""link_length"": 2000, ""link_capacity"": 118, ""cars_in_link"": 31, ""free_speed"": 80, ""calculated_speed"": 44.05, ""travel_time"": 45.4, ""lanes"": 2, ""tick"": 85}"
85,CAR_0009,signal_wait,car,CAR_0009,,,"{""event_type"": ""signal_wait"", ""vehicle_type"": ""car"", ""vehicle_id"": ""CAR_0009"", ""phase"": ""Red"", ""wait_until_tick"": 135, ""tick"": 85}"
85,CAR_0009,enter_link,car,CAR_0009,LINK_downtown_main_st_0,MESO,"{""event_type"": ""enter_link"", ""vehicle_type"": ""car"", ""vehicle_id"": ""CAR_0009"", ""link_id"": ""LINK_downtown_main_st_0"", ""mode"": ""MESO"", ""link_length"": 2000, ""link_capacity"": 95, ""cars_in_link"": 16, ""free_speed"": 80, ""calculated_speed"": 53.36, ""travel_time"": 37.48, ""lanes"": 1, ""tick"": 85}"
85,CAR_0009,enter_micro_link,car,CAR_0009,LINK_highway_bypass_3,MICRO,"{""event_type"": ""enter_micro_link"", ""vehicle_type"": ""car"", ""vehicle_id"": ""CAR_0009"", ""link_id"": ""LINK_highway_bypass_3"", ""mode"": ""MICRO"", ""link_length"": 2000, ""link_capacity"": 60, ""cars_in_link"": 37, ""free_speed"": 60, ""calculated_speed"": 39.28, ""travel_time"": 50.92, ""lanes"": 3, ""tick"": 85}"
85,CAR_0037,enter_link,car,CAR_0037,LINK_uptown_avenue_3,MESO,"{""event_type"": ""enter_link"", ""vehicle_type"": ""car"", ""vehicle_id"": ""CAR_0037"", ""link_id"": ""LINK_uptown_avenue_3"", ""mode"": ""MESO"", ""link_length"": 1000, ""link_capacity"": 50, ""cars_in_link"": 3, ""free_speed"": 40, ""calculated_speed"": 28.61, ""travel_time"": 34.96, ""lanes"": 3, ""tick"": 85}"
85,CAR_0042,enter_link,car,CAR_0042,LINK_suburban_loop_0,MESO,"{""event_type"": ""enter_link"", ""vehicle_type"": ""car"", ""vehicle_id"": ""CAR_0042"", ""link_id"": ""LINK_suburban_loop_0"", ""mode"": ""MESO"", ""link_length"": 1000, ""link_capacity"": 100, ""cars_in_link"": 27, ""free_speed"": 50, ""calculated_speed"": 49.9, ""travel_time"": 20.04, ""lanes"": 1, ""tick"": 85}"
85,CAR_0037,enter_link,car,CAR_0037,LINK_downtown_main_st_2,MESO,"{""event_type"": ""enter_link"", ""vehicle_type"": ""car"", ""vehicle_id"": ""CAR_0037"", ""link_id"": ""LINK_downtown_main_st_2"", ""mode"": ""MESO"", ""link_length"": 500, ""link_capacity"": 156, ""cars_in_link"": 35, ""free_speed"": 50, ""calculated_speed"": 31.25, ""travel_time"": 16.0, ""lanes"": 2, ""tick"": 85}"
85,CAR_0042,enter_link,car,CAR_0042,LINK_downtown_main_st_4,MESO,"{""event_type"": ""enter_link"", ""vehicle_type"": ""car"", ""vehicle_id"": ""CAR_0042"", ""link_id"": ""LINK_downtown_main_st_4"", ""mode"": ""MESO"", ""link_length"": 2000, ""link_capacity"": 161, ""cars_in_link"": 6, ""free_speed"": 50, ""calculated_speed"": 34.4, ""travel_time"": 58.14, ""lanes"": 2, ""tick"": 85}"
87,CAR_0047,journey_started,car,CAR_0047,,,"{""event_type"": ""journey_started"", ""vehicle_type"": ""car"", ""vehicle_id"": ""CAR_0047"", ""origin"": ""NODE_00021"", ""destination"": ""NODE_00030"", ""route_cost"": 573.05, ""route_length"": 8, ""tick"": 87}"
87,CAR_0009,enter_micro_link,car,CAR_0009,LINK_industrial_zone_rd_2,MICRO,"{""event_type"": ""enter_micro_link"", ""vehicle_type"": ""car"", ""vehicle_id"": ""CAR_0009"", ""link_id"": ""LINK_industrial_zone_rd_2"", ""mode"": ""MICRO"", ""link_length"": 1000, ""link_capacity"": 90, ""cars_in_link"": 18, ""free_speed"": 40, ""calculated_speed"": 37.45, ""travel_time"": 26.7, ""lanes"": 1, ""tick"": 87}"
87,CAR_0023,journey_started,car,CAR_0023,,,"{""event_type"": ""journey_started"", ""vehicle_type"": ""car"", ""vehicle_id"": ""CAR_0023"", ""origin"": ""NODE_00010"", ""destination"": ""NODE_00054"", ""route_cost"": 3030.92, ""route_length"": 24, ""tick"": 87}"
87,CAR_0009,signal_wait,car,CAR_0009,,,"{""event_type"": ""signal_wait"", ""vehicle_type"": ""car"", ""vehicle_id"": ""CAR_0009"", ""phase"": ""Red"", ""wait_until_tick"": 116, ""tick"": 87}"
87,CAR_0023,signal_wait,car,CAR_0023,,,"{""event_type"": ""signal_wait"", ""vehicle_type"": ""car"", ""vehicle_id"": ""CAR_0023"", ""phase"": ""Red"", ""wait_until_tick"": 128, ""tick"": 87}"
87,CAR_0009,signal_wait,car,CAR_0009,,,"{""event_type"": ""signal_wait"", ""vehicle_type"": ""car"", ""vehicle_id"": ""CAR_0009"", ""phase"": ""Red"", ""wait_until_tick"": 116, ""tick"": 87}"
87,CAR_0009,signal_wait,car,CAR_0009,,,"{""event_type"": ""signal_wait"", ""vehicle_type"": ""car"", ""vehicle_id"": ""CAR_0009"", ""phase"": ""Red"", ""wait_until_tick"": 107, ""tick"": 87}"
87,CAR_0009,enter_link,car,CAR_0009,LINK_river_crossing_0,MESO,"{""event_type"": ""enter_link"", ""vehicle_type"": ""car"", ""vehicle_id"": ""CAR_0009"", ""link_id"": ""LINK_river_crossing_0"", ""mode"": ""MESO"", ""link_length"": 500, ""link_capacity"": 180, ""cars_in_link"": 50, ""free_speed"": 60, ""calculated_speed"": 45.32, ""travel_time"": 11.03, ""lanes"": 3, ""tick"": 87}"
88,CAR_0047,enter_link,car,CAR_0047,LINK_suburban_loop_3,MESO,"{""event_type"": ""enter_link"", ""vehicle_type"": ""car"", ""vehicle_id"": ""CAR_0047"", ""link_id"": ""LINK_suburban_loop_3"", ""mode"": ""MESO"", ""link_length"": 2000, ""link_capacity"": 58, ""cars_in_link"": 27, ""free_speed"": 40, ""calculated_speed"": 22.53, ""travel_time"": 88.78, ""lanes"": 1, ""tick"": 88}"
88,CAR_0009,signal_wait,car,CAR_0009,,,"{""event_type"": ""signal_wait"", ""vehicle_type"": ""car"", ""vehicle_id"": ""CAR_0009"", ""phase"": ""Red"", ""wait_until_tick"": 140, ""tick"": 88}"
88,CAR_0023,signal_wait,car,CAR_0023,,,"{""event_type"": ""signal_wait"", ""vehicle_type"": ""car"", ""vehicle_id"": ""CAR_0023"", ""phase"": ""Red"", ""wait_until_tick"": 114, ""tick"": 88}"
88,CAR_0009,enter_link,car,CAR_0009,LINK_downtown_main_st_0,MESO,"{""event_type"": ""enter_link"", ""vehicle_type"": ""car"", ""vehicle_id"": ""CAR_0009"", ""link_id"": ""LINK_downtown_main_st_0"", ""mode"": ""MESO"", ""link_length"": 2000, ""link_capacity"": 103, ""cars_in_link"": 45, ""free_speed"": 40, ""calculated_speed"": 29.81, ""travel_time"": 67.08, ""lanes"": 2, ""tick"": 88}"
88,CAR_0023,enter_link,car,CAR_0023,LINK_market_street_2,MESO,"{""event_type"": ""enter_link"", ""vehicle_type"": ""car"", ""vehicle_id"": ""CAR_0023"", ""link_id"": ""LINK_market_street_2"", ""mode"": ""MESO"", ""link_length"": 2000, ""link_capacity"": 63, ""cars_in_link"": 17, ""free_speed"": 80, ""calculated_speed"": 50.43, ""travel_time"": 39.66, ""lanes"": 4, ""tick"": 88}"
88,CAR_0034,journey_started,car,CAR_0034,,,"{""event_type"": ""journey_started"", ""vehicle_type"": ""car"", ""vehicle_id"": ""CAR_0034"", ""origin"": ""NODE_00027"", ""destination"": ""NODE_00047"", ""route_cost"": 2723.82, ""route_length"": 10, ""tick"": 88}"
88,CAR_0049,journey_started,car,CAR_0049,,,"{""event_type"": ""journey_started"", ""vehicle_type"": ""car"", ""vehicle_id"": ""CAR_0049"", ""origin"": ""NODE_00068"", ""destination"": ""NODE_00014"", ""route_cost"": 2557.35, ""route_length"": 30, ""tick"": 88}"
88,CAR_0025,journey_started,car,CAR_0025,,,"{""event_type"": ""journey_started"", ""vehicle_type"": ""car"", ""vehicle_id"": ""CAR_0025"", ""origin"": ""NODE_00084"", ""destination"": ""NODE_00052"", ""route_cost"": 742.85, ""route_length"": 28, ""tick"": 88}"
88,CAR_0009,signal_wait,car,CAR_0009,,,"{""event_type"": ""signal_wait"", ""vehicle_type"": ""car"", ""vehicle_id"": ""CAR_0009"", ""phase"": ""Red"", ""wait_until_tick"": 139, ""tick"": 88}"
88,CAR_0025,signal_wait,car,CAR_0025,,,"{""event_type"": ""signal_wait"", ""vehicle_type"": ""car"", ""vehicle_id"": ""CAR_0025"", ""phase"": ""Red"", ""wait_until_tick"": 125, ""tick"": 88}"
88,CAR_0047,enter_link,car,CAR_0047,LINK_industrial_zone_rd_2,MESO,"{""event_type"": ""enter_link"", ""vehicle_type"": ""car"", ""vehicle_id"": ""CAR_0047"", ""link_id"": ""LINK_industrial_zone_rd_2"", ""mode"": ""MESO"", ""link_length"": 250, ""link_capacity"": 145, ""cars_in_link"": 48, ""free_speed"": 80, ""calculated_speed"": 69.1, ""travel_time"": 3.62, ""lanes"": 1, ""tick"": 88}"
88,CAR_0049,enter_link,car,CAR_0049,LINK_suburban_loop_3,MESO,"{""event_type"": ""enter_link"", ""vehicle_type"": ""car"", ""vehicle_id"": ""CAR_0049"", ""link_id"": ""LINK_suburban_loop_3"", ""mode"": ""MESO"", ""link_length"": 500, ""link_capacity"": 175, ""cars_in_link"": 37, ""free_speed"": 50, ""calculated_speed"": 46.62, ""travel_time"": 10.72, ""lanes"": 2, ""tick"": 88}"
88,CAR_0034,enter_link,car,CAR_0034,LINK_central_park_way_0,MESO,"{""event_type"": ""enter_link"", ""vehicle_type"": ""car"", ""vehicle_id"": ""CAR_0034"", ""link_id"": ""LINK_central_park_way_0"", ""mode"": ""MESO"", ""link_length"": 2000, ""link_capacity"": 136, ""cars_in_link"": 9, ""free_speed"": 60, ""calculated_speed"": 42.36, ""travel_time"": 47.22, ""lanes"": 1, ""tick"": 88}"
93,CAR_0047,enter_link,car,CAR_0047,LINK_market_street_1,MESO,"{""event_type"": ""enter_link"", ""vehicle_type"": ""car"", ""vehicle_id"": ""CAR_0047"", ""link_id"": ""LINK_market_street_1"", ""mode"": ""MESO"", ""link_length"": 1000, ""link_capacity"": 145, ""cars_in_link"": 36, ""free_speed"": 60, ""calculated_speed"": 48.45, ""travel_time"": 20.64, ""lanes"": 2, ""tick"": 93}"
93,CAR_0049,enter_link,car,CAR_0049,LINK_central_park_way_3,MESO,"{""event_type"": ""enter_link"", ""vehicle_type"": ""car"", ""vehicle_id"": ""CAR_0049"", ""link_id"": ""LINK_central_park_way_3"", ""mode"": ""MESO"", ""link_length"": 2000, ""link_capacity"": 120, ""cars_in_link"": 47, ""free_speed"": 60, ""calculated_speed"": 47.27, ""travel_time"": 42.31, ""lanes"": 4, ""tick"": 93}"
93,CAR_0047,signal_wait,car,CAR_0047,,,"{""event_type"": ""signal_wait"", ""vehicle_type"": ""car"", ""vehicle_id"": ""CAR_0047"", ""phase"": ""Red"", ""wait_until_tick"": 110, ""tick"": 93}"
93,CAR_0034,enter_link,car,CAR_0034,LINK_market_street_3,MESO,"{""event_type"": ""enter_link"", ""vehicle_type"": ""car"", ""vehicle_id"": ""CAR_0034"", ""link_id"": ""LINK_market_street_3"", ""mode"": ""MESO"", ""link_length"": 500, ""link_capacity"": 50, ""cars_in_link"": 19, ""free_speed"": 80, ""calculated_speed"": 46.92, ""travel_time"": 10.66, ""lanes"": 3, ""tick"": 93}"
93,CAR_0047,enter_link,car,CAR_0047,LINK_river_crossing_2,MESO,"{""event_type"": ""enter_link"", ""vehicle_type"": ""car"", ""vehicle_id"": ""CAR_0047"", ""link_id"": ""LINK_river_crossing_2"", ""mode"": ""MESO"", ""link_length"": 2000, ""link_capacity"": 152, ""cars_in_link"": 37, ""free_speed"": 60, ""calculated_speed"": 58.62, ""travel_time"": 34.12, ""lanes"": 1, ""tick"": 93}"
96,CAR_0034,enter_micro_link,car,CAR_0034,LINK_harbor_boulevard_1,MICRO,"{""event_type"": ""enter_micro_link"", ""vehicle_type"": ""car"", ""vehicle_id"": ""CAR_0034"", ""link_id"": ""LINK_harbor_boulevard_1"", ""mode"": ""MICRO"", ""link_length"": 2000, ""link_capacity"": 122, ""cars_in_link"": 2, ""free_speed"": 80, ""calculated_speed"": 41.94, ""travel_time"": 47.69, ""lanes"": 1, ""tick"": 96}"
96,CAR_0025,enter_link,car,CAR_0025,LINK_highway_bypass_2,MESO,"{""event_type"": ""enter_link"", ""vehicle_type"": ""car"", ""vehicle_id"": ""CAR_0025"", ""link_id"": ""LINK_highway_bypass_2"", ""mode"": ""MESO"", ""link_length"": 1000, ""link_capacity"": 61, ""cars_in_link"": 38, ""free_speed"": 50, ""calculated_speed"": 31.92, ""travel_time"": 31.33, ""lanes"": 4, ""tick"": 96}"
96,CAR_0025,signal_wait,car,CAR_0025,,,"{""event_type"": ""signal_wait"", ""vehicle_type"": ""car"", ""vehicle_id"": ""CAR_0025"", ""phase"": ""Red"", ""wait_until_tick"": 145, ""tick"": 96}"
96,CAR_0034,enter_link,car,CAR_0034,LINK_market_street_1,MESO,"{""event_type"": ""enter_link"", ""vehicle_type"": ""car"", ""vehicle_id"": ""CAR_0034"", ""link_id"": ""LINK_market_street_1"", ""mode"": ""MESO"", ""link_length"": 250, ""link_capacity"": 168, ""cars_in_link"": 29, ""free_speed"": 40, ""calculated_speed"": 24.14, ""travel_time"": 10.36, ""lanes"": 2, ""tick"": 96}"
96,CAR_0047,enter_link,car,CAR_0047,LINK_harbor_boulevard_0,MESO,"{""event_type"": ""enter_link"", ""vehicle_type"": ""car"", ""vehicle_id"": ""CAR_0047"", ""link_id"": ""LINK_harbor_boulevard_0"", ""mode"": ""MESO"", ""link_length"": 2000, ""link_capacity"": 68, ""cars_in_link"": 50, ""free_speed"": 80, ""calculated_speed"": 74.49, ""travel_time"": 26.85, ""lanes"": 4, ""tick"": 96}"
96,CAR_0034,enter_link,car,CAR_0034,LINK_river_crossing_3,MESO,"{""event_type"": ""enter_link"", ""vehicle_type"": ""car"", ""vehicle_id"": ""CAR_0034"", ""link_id"": ""LINK_river_crossing_3"", ""mode"": ""MESO"", ""link_length"": 1000, ""link_capacity"": 87, ""cars_in_link"": 33, ""free_speed"": 40, ""calculated_speed"": 35.23, ""travel_time"": 28.39, ""lanes"": 3, ""tick"": 96}"
96,CAR_0034,enter_link,car,CAR_0034,LINK_harbor_boulevard_1,MESO,"{""event_type"": ""enter_link"", ""vehicle_type"": ""car"", ""vehicle_id"": ""CAR_0034"", ""link_id"": ""LINK_harbor_boulevard_1"", ""mode"": ""MESO"", ""link_length"": 250, ""link_capacity"": 65, ""cars_in_link"": 13, ""free_speed"": 50, ""calculated_speed"": 38.06, ""travel_time"": 6.57, ""lanes"": 2, ""tick"": 96}"
97,CAR_0034,enter_link,car,CAR_0034,LINK_shopping_district_1,MESO,"{""event_type"": ""enter_link"", ""vehicle_type"": ""car"", ""vehicle_id"": ""CAR_0034"", ""link_id"": ""LINK_shopping_district_1"", ""mode"": ""MESO"", ""link_length"": 1000, ""link_capacity"": 140, ""cars_in_link"": 47, ""free_speed"": 50, ""calculated_speed"": 32.66, ""travel_time"": 30.62, ""lanes"": 3, ""tick"": 97}"
97,CAR_0047,signal_wait,car,CAR_0047,,,"{""event_type"": ""signal_wait"", ""vehicle_type"": ""car"", ""vehicle_id"": ""CAR_0047"", ""phase"": ""Red"", ""wait_until_tick"": 115, ""tick"": 97}"
97,CAR_0034,enter_link,car,CAR_0034,LINK_highway_bypass_2,MESO,"{""event_type"": ""enter_link"", ""vehicle_type"": ""car"", ""vehicle_id"": ""CAR_0034"", ""link_id"": ""LINK_highway_bypass_2"", ""mode"": ""MESO"", ""link_length"": 2000, ""link_capacity"": 101, ""cars_in_link"": 13, ""free_speed"": 60, ""calculated_speed"": 46.74, ""travel_time"": 42.79, ""lanes"": 4, ""tick"": 97}"
97,CAR_0034,signal_wait,car,CAR_0034,,,"{""event_type"": ""signal_wait"", ""vehicle_type"": ""car"", ""vehicle_id"": ""CAR_0034"", ""phase"": ""Red"", ""wait_until_tick"": 138, ""tick"": 97}"
103,CAR_0038,journey_started,car,CAR_0038,,,"{""event_type"": ""journey_started"", ""vehicle_type"": ""car"", ""vehicle_id"": ""CAR_0038"", ""origin"": ""NODE_00083"", ""destination"": ""NODE_00013"", ""route_cost"": 2920.57, ""route_length"": 8, ""tick"": 103}"
103,CAR_0038,enter_link,car,CAR_0038,LINK_harbor_boulevard_2,MESO,"{""event_type"": ""enter_link"", ""vehicle_type"": ""car"", ""vehicle_id"": ""CAR_0038"", ""link_id"": ""LINK_harbor_boulevard_2"", ""mode"": ""MESO"", ""link_length"": 2000, ""link_capacity"": 183, ""cars_in_link"": 2, ""free_speed"": 80, ""calculated_speed"": 62.93, ""travel_time"": 31.78, ""lanes"": 4, ""tick"": 103}"
103,CAR_0038,signal_wait,car,CAR_0038,,,"{""event_type"": ""signal_wait"", ""vehicle_type"": ""car"", ""vehicle_id"": ""CAR_0038"", ""phase"": ""Red"", ""wait_until_tick"": 130, ""tick"": 103}"
103,CAR_0038,enter_link,car,CAR_0038,LINK_downtown_main_st_5,MESO,"{""event_type"": ""enter_link"", ""vehicle_type"": ""car"", ""vehicle_id"": ""CAR_0038"", ""link_id"": ""LINK_downtown_main_st_5"", ""mode"": ""MESO"", ""link_length"": 250, ""link_capacity"": 117, ""cars_in_link"": 49, ""free_speed"": 60, ""calculated_speed"": 43.75, ""travel_time"": 5.71, ""lanes"": 2, ""tick"": 103}"
105,CAR_0001,journey_started,car,CAR_0001,,,"{""event_type"": ""journey_started"", ""vehicle_type"": ""car"", ""vehicle_id"": ""CAR_0001"", ""origin"": ""NODE_00042"", ""destination"": ""NODE_00050"", ""route_cost"": 1600.69, ""route_length"": 30, ""tick"": 105}"
105,CAR_0020,journey_started,car,CAR_0020,,,"{""event_type"": ""journey_started"", ""vehicle_type"": ""car"", ""vehicle_id"": ""CAR_0020"", ""origin"": ""NODE_00038"", ""destination"": ""NODE_00014"", ""route_cost"": 1810.36, ""route_length"": 10, ""tick"": 105}"
105,CAR_0020,signal_wait,car,CAR_0020,,,"{""event_type"": ""signal_wait"", ""vehicle_type"": ""car"", ""vehicle_id"": ""CAR_0020"", ""phase"": ""Red"", ""wait_until_tick"": 131, ""tick"": 105}"
105,CAR_0001,enter_micro_link,car,CAR_0001,LINK_market_street_4,MICRO,"{""event_type"": ""enter_micro_link"", ""vehicle_type"": ""car"", ""vehicle_id"": ""CAR_0001"", ""link_id"": ""LINK_market_street_4"", ""mode"": ""MICRO"", ""link_length"": 500, ""link_capacity"": 164, ""cars_in_link"": 48, ""free_speed"": 60, ""calculated_speed"": 39.61, ""travel_time"": 12.62, ""lanes"": 2, ""tick"": 105}"
105,CAR_0001,signal_wait,car,CAR_0001,,,"{""event_type"": ""signal_wait"", ""vehicle_type"": ""car"", ""vehicle_id"": ""CAR_0001"", ""phase"": ""Red"", ""wait_until_tick"": 122, ""tick"": 105}"
105,CAR_0001,enter_link,car,CAR_0001,LINK_industrial_zone_rd_3,MESO,"{""event_type"": ""enter_link"", ""vehicle_type"": ""car"", ""vehicle_id"": ""CAR_0001"", ""link_id"": ""LINK_industrial_zone_rd_3"", ""mode"": ""MESO"", ""link_length"": 1000, ""link_capacity"": 115, ""cars_in_link"": 43, ""free_speed"": 50, ""calculated_speed"": 48.59, ""travel_time"": 20.58, ""lanes"": 4, ""tick"": 105}"
109,CAR_0001,enter_link,car,CAR_0001,LINK_industrial_zone_rd_1,MESO,"{""event_type"": ""enter_link"", ""vehicle_type"": ""car"", ""vehicle_id"": ""CAR_0001"", ""link_id"": ""LINK_industrial_zone_rd_1"", ""mode"": ""MESO"", ""link_length"": 500, ""link_capacity"": 162, ""cars_in_link"": 1, ""free_speed"": 50, ""calculated_speed"": 33.4, ""travel_time"": 14.97, ""lanes"": 4, ""tick"": 109}"
109,CAR_0037,journey_started,car,CAR_0037,,,"{""event_type"": ""journey_started"", ""vehicle_type"": ""car"", ""vehicle_id"": ""CAR_0037"", ""origin"": ""NODE_00008"", ""destination"": ""NODE_00050"", ""route_cost"": 3866.61, ""route_length"": 8, ""tick"": 109}"
109,CAR_0001,enter_link,car,CAR_0001,LINK_river_crossing_3,MESO,"{""event_type"": ""enter_link"", ""vehicle_type"": ""car"", ""vehicle_id"": ""CAR_0001"", ""link_id"": ""LINK_river_crossing_3"", ""mode"": ""MESO"", ""link_length"": 500, ""link_capacity"": 169, ""cars_in_link"": 15, ""free_speed"": 50, ""calculated_speed"": 35.28, ""travel_time"": 14.17, ""lanes"": 2, ""tick"": 109}"
109,CAR_0001,enter_link,car,CAR_0001,LINK_downtown_main_st_3,MESO,"{""event_type"": ""enter_link"", ""vehicle_type"": ""car"", ""vehicle_id"": ""CAR_0001"", ""link_id"": ""LINK_downtown_main_st_3"", ""mode"": ""MESO"", ""link_length"": 500, ""link_capacity"": 142, ""cars_in_link"": 28, ""free_speed"": 40, ""calculated_speed"": 31.72, ""travel_time"": 15.76, ""lanes"": 2, ""tick"": 109}"
109,CAR_0037,enter_link,car,CAR_0037,LINK_highway_bypass_3,MESO,"{""event_type"": ""enter_link"", ""vehicle_type"": ""car"", ""vehicle_id"": ""CAR_0037"", ""link_id"": ""LINK_highway_bypass_3"", ""mode"": ""MESO"", ""link_length"": 2000, ""link_capacity"": 114, ""cars_in_link"": 12, ""free_speed"": 50, ""calculated_speed"": 34.13, ""travel_time"": 58.6, ""lanes"": 3, ""tick"": 109}"
109,CAR_0037,signal_wait,car,CAR_0037,,,"{""event_type"": ""signal_wait"", ""vehicle_type"": ""car"", ""vehicle_id"": ""CAR_0037"", ""phase"": ""Red"", ""wait_until_tick"": 122, ""tick"": 109}"
109,CAR_0037,enter_link,car,CAR_0037,LINK_shopping_district_0,MESO,"{""event_type"": ""enter_link"", ""vehicle_type"": ""car"", ""vehicle_id"": ""CAR_0037"", ""link_id"": ""LINK_shopping_district_0"", ""mode"": ""MESO"", ""link_length"": 500, ""link_capacity"": 52, ""cars_in_link"": 46, ""free_speed"": 40, ""calculated_speed"": 37.27, ""travel_time"": 13.41, ""lanes"": 1, ""tick"": 109}"
109,CAR_0037,enter_micro_link,car,CAR_0037,LINK_market_street_3,MICRO,"{""event_type"": ""enter_micro_link"", ""vehicle_type"": ""car"", ""vehicle_id"": ""CAR_0037"", ""link_id"": ""LINK_market_street_3"", ""mode"": ""MICRO"", ""link_length"": 500, ""link_capacity"": 65, ""cars_in_link"": 28, ""free_speed"": 80, ""calculated_speed"": 51.52, ""travel_time"": 9.7, ""lanes"": 2, ""tick"": 109}"
112,CAR_0037,signal_wait,car,CAR_0037,,,"{""event_type"": ""signal_wait"", ""vehicle_type"": ""car"", ""vehicle_id"": ""CAR_0037"", ""phase"": ""Red"", ""wait_until_tick"": 119, ""tick"": 112}"
112,CAR_0037,signal_wait,car,CAR_0037,,,"{""event_type"": ""signal_wait"", ""vehicle_type"": ""car"", ""vehicle_id"": ""CAR_0037"", ""phase"": ""Red"", ""wait_until_tick"": 153, ""tick"": 112}"
112,CAR_0037,signal_wait,car,CAR_0037,,,"{""event_type"": ""signal_wait"", ""vehicle_type"": ""car"", ""vehicle_id"": ""CAR_0037"", ""phase"": ""Red"", ""wait_until_tick"": 140, ""tick"": 112}"
112,CAR_0037,enter_link,car,CAR_0037,LINK_uptown_avenue_3,MESO,"{""event_type"": ""enter_link"", ""vehicle_type"": ""car"", ""vehicle_id"": ""CAR_0037"", ""link_id"": ""LINK_uptown_avenue_3"", ""mode"": ""MESO"", ""link_length"": 2000, ""link_capacity"": 150, ""cars_in_link"": 38, ""free_speed"": 60, ""calculated_speed"": 43.74, ""travel_time"": 45.73, ""lanes"": 2, ""tick"": 112}"
112,CAR_0037,enter_link,car,CAR_0037,LINK_highway_bypass_3,MESO,"{""event_type"": ""enter_link"", ""vehicle_type"": ""car"", ""vehicle_id"": ""CAR_0037"", ""link_id"": ""LINK_highway_bypass_3"", ""mode"": ""MESO"", ""link_length"": 1000, ""link_capacity"": 194, ""cars_in_link"": 30, ""free_speed"": 60, ""calculated_speed"": 30.68, ""travel_time"": 32.6, ""lanes"": 1, ""tick"": 112}"
112,CAR_0037,signal_wait,car,CAR_0037,,,"{""event_type"": ""signal_wait"", ""vehicle_type"": ""car"", ""vehicle_id"": ""CAR_0037"", ""phase"": ""Red"", ""wait_until_tick"": 122, ""tick"": 112}"
112,CAR_0037,signal_wait,car,CAR_0037,,,"{""event_type"": ""signal_wait"", ""vehicle_type"": ""car"", ""vehicle_id"": ""CAR_0037"", ""phase"": ""Red"", ""wait_until_tick"": 150, ""tick"": 112}"
119,CAR_0010,journey_started,car,CAR_0010,,,"{""event_type"": ""journey_started"", ""vehicle_type"": ""car"", ""vehicle_id"": ""CAR_0010"", ""origin"": ""NODE_00014"", ""destination"": ""NODE_00058"", ""route_cost"": 717.94, ""route_length"": 28, ""tick"": 119}"
119,CAR_0010,enter_link,car,CAR_0010,LINK_highway_bypass_3,MESO,"{""event_type"": ""enter_link"", ""vehicle_type"": ""car"", ""vehicle_id"": ""CAR_0010"", ""link_id"": ""LINK_highway_bypass_3"", ""mode"": ""MESO"", ""link_length"": 500, ""link_capacity"": 81, ""cars_in_link"": 41, ""free_speed"": 80, ""calculated_speed"": 57.41, ""travel_time"": 8.71, ""lanes"": 3, ""tick"": 119}"
122,CAR_0010,enter_link,car,CAR_0010,LINK_suburban_loop_2,MESO,"{""event_type"": ""enter_link"", ""vehicle_type"": ""car"", ""vehicle_id"": ""CAR_0010"", ""link_id"": ""LINK_suburban_loop_2"", ""mode"": ""MESO"", ""link_length"": 1000, ""link_capacity"": 133, ""cars_in_link"": 47, ""free_speed"": 80, ""calculated_speed"": 45.32, ""travel_time"": 22.07, ""lanes"": 4, ""tick"": 122}"
122,CAR_0031,journey_started,car,CAR_0031,,,"{""event_type"": ""journey_started"", ""vehicle_type"": ""car"", ""vehicle_id"": ""CAR_0031"", ""origin"": ""NODE_00054"", ""destination"": ""NODE_00060"", ""route_cost"": 4579.12, ""route_length"": 24, ""tick"": 122}"
122,CAR_0031,enter_link,car,CAR_0031,LINK_market_street_2,MESO,"{""event_type"": ""enter_link"", ""vehicle_type"": ""car"", ""vehicle_id"": ""CAR_0031"", ""link_id"": ""LINK_market_street_2"", ""mode"": ""MESO"", ""link_length"": 1000, ""link_capacity"": 59, ""cars_in_link"": 14, ""free_speed"": 60, ""calculated_speed"": 56.75, ""travel_time"": 17.62, ""lanes"": 3, ""tick"": 122}"
122,CAR_0031,enter_link,car,CAR_0031,LINK_market_street_2,MESO,"{""event_type"": ""enter_link"", ""vehicle_type"": ""car"", ""vehicle_id"": ""CAR_0031"", ""link_id"": ""LINK_market_street_2"", ""mode"": ""MESO"", ""link_length"": 500, ""link_capacity"": 62, ""cars_in_link"": 4, ""free_speed"": 80, ""calculated_speed"": 40.09, ""travel_time"": 12.47, ""lanes"": 3, ""tick"": 122}"
122,CAR_0031,signal_wait,car,CAR_0031,,,"{""event_type"": ""signal_wait"", ""vehicle_type"": ""car"", ""vehicle_id"": ""CAR_0031"", ""phase"": ""Red"", ""wait_until_tick"": 182, ""tick"": 122}"
122,CAR_0031,signal_wait,car,CAR_0031,,,"{""event_type"": ""signal_wait"", ""vehicle_type"": ""car"", ""vehicle_id"": ""CAR_0031"", ""phase"": ""Red"", ""wait_until_tick"": 164, ""tick"": 122}"
122,CAR_0031,enter_link,car,CAR_0031,LINK_shopping_district_0,MESO,"{""event_type"": ""enter_link"", ""vehicle_type"": ""car"", ""vehicle_id"": ""CAR_0031"", ""link_id"": ""LINK_shopping_district_0"", ""mode"": ""MESO"", ""link_length"": 250, ""link_capacity"": 66, ""cars_in_link"": 49, ""free_speed"": 40, ""calculated_speed"": 39.07, ""travel_time"": 6.4, ""lanes"": 3, ""tick"": 122}"
